timestep,cpu,memory,net_in,net_out,latency,restarts,anomaly_label,scenario_id,scenario_name
0,47.98947356624878,36.27299201395712,36.210921838047796,32.68116707202042,191.91289625646567,1.0,0,0,normal
1,41.257568618831826,52.4482390286502,69.20110502025992,23.796070563661107,190.26325292269323,1.0,0,0,normal
2,54.49236429319632,47.851553152486126,46.81402574168063,11.459320136838638,109.48832740787697,0.0,0,0,normal
3,46.778538165784276,53.06814448667166,60.735181022433004,18.95676326540614,166.59510057528396,0.0,0,0,normal
4,23.362366193015674,44.71326349131172,24.457364600466537,19.833296531182643,24.047151357023147,2.0,0,0,normal
5,59.942382139094896,27.79771557205383,75.87336729671368,48.152457318594784,153.82259967748885,0.0,0,0,normal
6,52.942844878373236,56.87002993882956,35.77886470169881,22.727668194408967,72.53476391781209,0.0,0,0,normal
7,47.478723296400624,44.100013851309214,19.72987655294636,13.715887940010525,160.03720107703555,0.0,0,0,normal
8,20.998194776536746,48.545114362283556,33.67963166643257,12.509522710969783,184.36499527587713,1.0,0,0,normal
9,42.479154377432806,28.007170206213303,35.776315270538646,14.951685206382384,55.95210485785702,0.0,0,0,normal
10,33.23257348048432,27.546741377205958,37.658147486686076,46.01691238075938,108.0397400362884,1.0,0,0,normal
11,51.45823118355657,41.58043960118945,69.25560761437335,3.9197645462176305,58.07691769793806,0.0,0,0,normal
12,47.589855640759005,48.66329161578298,82.87187209730519,6.007143585587949,96.19251824549993,0.0,0,0,normal
13,54.82894375496394,46.38097908826568,60.99939248553258,8.485101149127281,65.13541601314523,0.0,0,0,normal
14,31.683706924066417,68.33493265899872,42.90377003368502,37.42534868013653,69.32379106257912,0.0,0,0,normal
15,30.0824757332455,41.38123692313352,51.86541906739349,22.790471278991536,216.2109316896316,0.0,0,0,normal
16,45.205723850346885,51.21534712157199,71.2714212858828,28.97583098173478,65.73605885080974,0.0,0,0,normal
17,24.135236050992066,54.73893026612914,67.24597152355517,26.612275729707292,196.8797712205416,0.0,0,0,normal
18,55.72317281474887,28.754436316217458,26.593017178465512,5.248036024582267,66.13173186083402,0.0,0,0,normal
19,39.744499572519594,50.785315309096376,78.37512009482326,45.48701780275348,120.04839834592131,0.0,0,0,normal
20,51.74767022339974,39.09340237370048,27.731720915416016,10.390036565819647,149.13149651971128,1.0,0,0,normal
21,33.07555968731294,51.185923759155266,70.30850449552412,9.63079900758304,176.66854107515755,0.0,0,0,normal
22,57.00676034089755,32.07665228221871,72.06596657759216,26.777358113268455,84.7599375098895,1.0,0,0,normal
23,59.322067290566814,67.52202312028132,61.59471571283851,9.019926628354076,96.49250543620253,0.0,0,0,normal
24,57.172437925647394,67.71874706058854,18.298828827434605,9.640688573168335,151.4109034500535,1.0,0,0,normal
25,35.08802853248014,34.09991352138155,49.568074585826935,50.453187762419994,166.15981382971208,0.0,0,0,normal
26,44.058071635104994,54.02500190548046,13.902939380100102,29.774132671230454,164.74996571045548,0.0,0,0,normal
27,21.44821390496842,60.596531194752735,64.40756620374003,13.63126429380434,62.78151247542296,0.0,0,0,normal
28,27.722460334807288,39.78021554632955,41.168339447275926,23.568384905780402,95.30930904780621,0.0,0,0,normal
29,50.53424961683517,62.004595182627504,67.12039537649314,46.51354192988355,199.85953510624023,0.0,0,0,normal
30,50.42519803351053,56.398198113894196,75.98315091908668,2.5,142.79844705415917,0.0,0,0,normal
31,59.378446049014585,64.96872976409725,22.673923953522355,7.026699546719541,136.19686468024275,1.0,0,0,normal
32,36.4880268530308,69.02505920657126,42.72525584623898,31.944201338122458,123.40474377500172,0.0,0,0,normal
33,34.746257657291025,30.02854796177685,62.24313752979498,30.810375142452024,62.627116205872355,0.0,0,0,normal
34,36.03508470553767,54.86650264992477,34.5671912034199,47.599771510772236,167.73653769891405,1.0,0,0,normal
35,26.095962100027993,51.78531919339387,21.947692707936856,16.81279759412226,159.82665181214247,0.0,0,0,normal
36,27.912501724353834,40.68542578339578,5.0,13.724317437188262,86.50441758162697,0.0,0,0,normal
37,39.22517021383718,43.04956622467141,45.385482720702775,23.68375017432678,192.2603474437098,0.0,0,0,normal
38,30.62721386950872,70.47376083486319,68.02477740693956,33.11475529079056,146.81214352950985,0.0,0,0,normal
39,49.66787675610917,26.880126038763052,50.85439031841272,15.660447727424,74.05971083605256,1.0,0,0,normal
40,36.186710903302796,46.959099485371766,8.38682603382687,29.95804938050044,99.33455630538826,0.0,0,0,normal
41,56.53712049683272,64.54278888109559,45.40688417017925,10.186943807010831,138.1384780206744,0.0,0,0,normal
42,49.73597449392354,47.924062001651144,30.64843823579321,37.82814997915224,122.18850769981835,0.0,0,0,normal
43,27.770413307635728,50.07288844323495,25.429071510551232,41.87727052616121,106.66691494928786,0.0,0,0,normal
44,59.279611220553015,73.49299091509819,65.02844540897327,21.525191056528016,146.23090574356166,1.0,0,0,normal
45,50.41259532484441,51.142260789636914,33.42796685497925,49.54936793988809,91.41138365925208,1.0,0,0,normal
46,29.108753788466245,40.349056504254015,45.11128401128043,43.71401975934165,201.3114234373956,0.0,0,0,normal
47,27.587949318864553,32.12673301474047,70.96301367326316,14.303441950193365,94.03382707781965,0.0,0,0,normal
48,43.455639516285736,75.22733102955334,48.74433508907577,22.2493193101189,122.3900792078218,0.0,0,0,normal
49,26.043792619002524,39.42118792226026,50.97981039616504,33.01881172950891,155.07433231928488,0.0,0,0,normal
50,27.150926076819385,48.11317075998903,8.721796230110552,14.832008544125067,130.87528188145137,2.0,0,0,normal
51,19.20216291947785,30.25291209453164,20.72901097305138,20.7233156781487,88.41693308383621,1.0,0,0,normal
52,54.21578296201545,54.199278836698404,19.36413969039905,14.109477001813689,162.2660269559102,0.0,0,0,normal
53,48.2185357084521,69.92756348785866,62.73328558399101,45.916205430114196,197.95840767817313,0.0,0,0,normal
54,49.740806627630555,49.36415754509662,60.303424074689865,23.021255749323142,187.5567701834961,1.0,0,0,normal
55,53.14347507019349,72.8674741627136,29.26125825187367,39.23132905547274,184.13004371601042,0.0,0,0,normal
56,41.10116969354256,42.69650204484934,9.19615394295637,19.35895041164073,71.02780575619248,0.0,0,0,normal
57,34.60283447100598,56.36519200228425,30.23131933432419,3.124202156715361,119.81548037720047,0.0,0,0,normal
58,24.42412691604845,60.02773317415327,47.944242459444986,41.88810285372198,124.51767682922213,0.0,0,0,normal
59,16.155362683481044,47.42901385720699,54.709806833229855,6.7530639257872345,36.723700877626975,0.0,0,0,normal
60,47.180358178810046,40.0919307909791,61.742747944718445,8.36237255386422,163.9029269146122,0.0,0,0,normal
61,39.13031635682792,58.60296650748946,80.42908178450861,26.500516144670254,86.99927249133576,1.0,0,0,normal
62,47.10157335840628,49.08656036924344,26.688380594644705,44.042367674198296,108.54631339468587,0.0,0,0,normal
63,55.6654918675255,50.732741974999286,59.94762326847518,23.729028373918784,74.73328465999856,0.0,0,0,normal
64,46.5198329930331,71.59997627156551,50.675509531727215,13.834159362576777,80.14797561394408,0.0,0,0,normal
65,40.46673171673224,44.8636475932234,21.464370577780358,22.694898687089175,95.29245573847969,0.0,0,0,normal
66,44.63893087999949,41.3262943933246,85.25230459416179,23.193735678266837,166.5428702015228,0.0,0,0,normal
67,30.381333373207237,30.314325054822135,8.386188073704028,12.982305528983979,147.83813153452002,0.0,0,0,normal
68,21.56714277694418,46.36950090557411,62.6970555121019,33.21074677623379,53.83118070655917,0.0,0,0,normal
69,41.75824083713756,41.31407928234461,63.63591957676862,13.419586749186715,101.42142656235134,0.0,0,0,normal
70,26.702301528823476,55.85125834038521,76.07667763227177,17.466404308100508,186.85964085638466,1.0,0,0,normal
71,39.91886030595545,35.714973559237706,43.6881801716251,34.04319323615301,45.57626424060721,0.0,0,0,normal
72,57.205728405495854,60.52407790695889,37.83707958219023,36.63885667163292,97.02787465045452,0.0,0,0,normal
73,25.90341216609034,42.03993509908681,58.94464204654286,19.705509652101235,119.28097120274211,0.0,0,0,normal
74,26.597686180432245,38.44452857583353,63.93174699622395,17.302323048498135,145.58918857797084,1.0,0,0,normal
75,34.42462106236588,40.653250683448576,42.013844950048174,15.721490876616295,203.26721579077048,0.0,0,0,normal
76,32.531453860157974,63.55377759802601,60.066228641964585,39.01930747351544,126.13386730538956,0.0,0,0,normal
77,43.8123667569652,50.25115537477016,31.70877887012953,20.850747293523167,223.57939321214474,1.0,0,0,normal
78,39.234462019348854,42.55536816099557,58.12031438456085,12.751228833170158,146.2546659012472,1.0,0,0,normal
79,49.600278056644456,63.98867978987306,68.89830726413008,27.24391006176525,80.84887707047879,0.0,0,0,normal
80,49.14291946626334,53.317735044053116,37.34300186271054,19.74993294287122,83.85425455520478,0.0,0,0,normal
81,32.837973787997235,41.16543293196041,44.55194276281962,13.658054282617085,114.7886209816529,0.0,0,0,normal
82,54.72086438112086,62.33886094117092,71.62674653667422,15.501954004922574,134.93558976819097,0.0,0,0,normal
83,22.126894680794585,41.598164425334254,64.74211637857519,29.255754916265758,137.70452854456667,0.0,0,0,normal
84,20.512208587599027,32.79804236608298,70.715816078389,42.55320782897613,54.25820682357609,0.0,0,0,normal
85,24.465505449321704,49.90950521749177,33.21233478729856,39.03077092846354,87.91227369522367,0.0,0,0,normal
86,59.10489460409368,37.10309972554524,82.75626574635413,41.0653103303694,123.7900287626753,0.0,0,0,normal
87,33.400826587974024,36.28513555655091,22.52246945409546,25.821427906167692,121.83382282322012,0.0,0,0,normal
88,32.778929427304604,61.3958209363104,37.21004263552512,42.09452846857898,118.00655757256942,0.0,0,0,normal
89,41.08616066008366,38.949823393185156,34.084980789301305,37.28474798301605,211.93888901291106,0.0,0,0,normal
90,28.18717178059059,64.18822461560927,68.88836007524394,47.43888807176293,71.16786979039288,0.0,0,0,normal
91,48.781206656662256,68.34862674452292,69.16652550328364,30.43005664862214,93.46020304656926,0.0,0,0,normal
92,40.08515829574216,54.433633208619874,63.45200331416613,23.832335144300504,191.04508323461278,0.0,0,0,normal
93,35.091108626411234,56.37481422259867,59.02772599777633,20.33016660219919,155.93594025625063,0.0,0,0,normal
94,38.34668429174489,58.797468618977334,32.7643263349619,32.360171398344285,136.20581229567625,0.0,0,0,normal
95,43.86041914785665,73.966435849459,37.72859066784428,3.5095445451121843,109.03578331375321,0.0,0,0,normal
96,39.481442710852605,43.78444496826453,56.1776120201093,32.22614679859415,88.79409025584059,1.0,0,0,normal
97,21.41352829179195,34.32985008166287,14.020217855681187,5.188461266690183,189.22456332961508,0.0,0,0,normal
98,24.969228699215464,49.7799481302767,43.187762397897814,3.879530361576334,130.73319321328603,0.0,0,0,normal
99,54.6830563728197,52.427543285096114,64.80931329631116,42.524434728522,138.1236778635948,0.0,0,0,normal
100,58.66332250969436,36.49595754030324,57.0865356865137,32.16875057658748,145.11248200033535,0.0,0,0,normal
101,54.27378918013612,56.48528660895501,59.06116953207047,32.40220200778429,98.44816307864399,0.0,0,0,normal
102,30.835373739097367,32.64352062132005,43.14442232834001,16.41026411491218,87.9309954482513,0.0,0,0,normal
103,58.494512299093316,70.2886856393828,42.88261966226914,34.15034799544,152.06302572332194,0.0,0,0,normal
104,47.21156830636008,45.37364952964557,19.42505735909464,42.98904574734592,128.466356891266,0.0,0,0,normal
105,48.28343695215059,35.09498450872476,34.931082433233975,30.02997080407932,41.19253414811962,0.0,0,0,normal
106,32.13328304686544,32.0572604665504,37.479022040781196,30.530453322468112,88.65301508087065,1.0,0,0,normal
107,27.77315052693105,37.43435459145685,25.84181344385291,27.591031400750733,207.36141852767773,0.0,0,0,normal
108,25.302782670576516,41.26893231486233,5.0,19.986953331564532,99.12742230720015,1.0,0,0,normal
109,61.92514865271925,30.503873908190904,58.148956154482605,37.11646059980822,125.56708112272734,1.0,0,0,normal
110,50.01789503826245,38.309212306866335,39.98542741263807,52.478972193055974,117.9458763876809,0.0,0,0,normal
111,26.30319425152561,36.9475940772203,44.6009299971442,28.99878201489435,153.96624964684358,0.0,0,0,normal
112,38.53946559260786,44.28129829652363,16.741243214095345,21.96885294628131,155.98054055909014,0.0,0,0,normal
113,44.70879267928243,43.95616627495515,55.18432609504248,20.653218194122278,182.3031083238099,0.0,0,0,normal
114,27.035920730583765,43.18294116565015,46.15547045893714,25.023856477927534,27.836559427605195,0.0,0,0,normal
115,56.56994917059963,47.22730789218316,51.26617449422835,52.035713145998564,199.61938465946747,0.0,0,0,normal
116,51.168447128128236,34.76696523339777,50.924666134521914,31.542120364032527,196.21435380553152,0.0,0,0,normal
117,49.80510114048634,39.008625113212894,17.11110631139801,18.185867026446285,151.57972685757602,1.0,0,0,normal
118,36.24038893969748,39.18609656431762,65.30124903824814,19.430859238350752,131.5565216803679,0.0,0,0,normal
119,40.094914988902325,59.990779774852854,19.849403177382882,24.149572858601,47.8968425491405,0.0,0,0,normal
120,37.789417946421096,70.24478927000948,37.537755739519945,4.207912826613093,100.6987217198557,1.0,0,0,normal
121,49.2118435953177,68.51552293762379,15.212690272219081,32.18490099134385,68.12390867911651,2.0,0,0,normal
122,22.880972485252713,52.084536093023935,40.529922746905115,35.701610012690736,55.36107957699305,0.0,0,0,normal
123,34.86294048819972,58.11808820869444,30.26429444757527,29.021675905560276,153.39433996374214,0.0,0,0,normal
124,22.318589461368315,40.66730136650099,65.87465961507665,13.213382858223522,72.88938351263974,1.0,0,0,normal
125,43.56436178144327,64.15971572003946,40.626629567544214,37.683929645467224,161.7238176555699,0.0,0,0,normal
126,34.54590426541701,61.843519310148324,44.49346357376651,32.187061793508946,92.01215493240663,2.0,0,0,normal
127,23.791747808078007,59.69260107558593,15.293995708656357,15.022269333614608,110.53232750476475,0.0,0,0,normal
128,29.681290531497865,68.77227943415967,20.23275513944268,32.06518428888572,79.48136237633798,0.0,0,0,normal
129,50.46752489903501,51.821840611423546,44.35861826933794,31.564514702398547,81.06938777665047,0.0,0,0,normal
130,29.451945362766857,58.75349351295561,41.908273253597464,44.04796900668533,161.50803177656644,0.0,0,0,normal
131,61.55445878044825,62.88414754815923,42.80530272749928,9.131938494810608,206.05435877638797,0.0,0,0,normal
132,48.87028557527104,37.82232211388689,84.11804782852815,20.339077903051617,119.90291404822179,0.0,0,0,normal
133,39.06018944701153,64.058270381193,62.65894581896562,29.486446228485523,178.38526923655473,1.0,0,0,normal
134,46.763016367707166,37.587748838437975,81.25622462087854,4.428077617588528,154.69627804633865,0.0,0,0,normal
135,23.980543029487432,69.04651764850901,37.900130809853614,24.75478486554709,115.51009556930778,1.0,0,0,normal
136,61.10101082304382,58.157219801540656,61.52945472129294,41.64591816440997,113.56259824145928,0.0,0,0,normal
137,35.58778677952784,35.10421730634838,49.761163420250746,17.236033627271045,97.79791824920775,0.0,0,0,normal
138,54.802301717449794,55.37194862990695,53.4061329816406,23.986163446478216,192.1039405339933,0.0,0,0,normal
139,18.58094411239133,30.6497114638038,78.06815174493669,53.303970293092306,115.521894192427,1.0,0,0,normal
140,36.98793541302619,63.725456054792026,54.14027091405367,28.633818507248805,72.31463043933967,0.0,0,0,normal
141,45.547540045413186,59.188716789559166,74.05939189055519,34.095838151289136,148.97036494435815,1.0,0,0,normal
142,61.58393884977611,52.09031448561241,61.71896140626046,36.0192770781452,130.37541260340706,1.0,0,0,normal
143,49.53371525378647,65.45165565310943,13.341462665525349,14.873113883343756,156.55002669901438,1.0,0,0,normal
144,38.57287850752898,37.543560580839,64.49043518196457,11.29324423680325,92.60194966585051,0.0,0,0,normal
145,26.795031158568676,45.47643458610207,38.76877996138619,38.232381948897704,191.0480414851107,2.0,0,0,normal
146,33.03101110542072,45.30191570262195,73.73645884148092,22.817706337250996,108.63834203817179,0.0,0,0,normal
147,41.970021287823805,35.245449013882876,65.44172846701154,25.50202669360975,68.32278278915415,0.0,0,0,normal
148,38.61241327756191,46.31621662243542,20.178049808461058,7.466503209103439,147.65416817271637,1.0,0,0,normal
149,26.144205110240026,46.83216628522304,7.404471414445093,42.19470184298036,68.28196426901003,0.0,0,0,normal
150,98.18136352783895,43.05808740781093,20.96822901547914,5.366338618721771,371.0204734002066,0.0,1,1,burst_hotspot
151,91.76406980225906,51.74454171206746,41.220199146450234,34.652098242954544,336.36977677124486,0.0,1,1,burst_hotspot
152,63.70519396363166,63.967011019051235,23.733802913177037,25.175721667309436,284.65179907599907,0.0,1,1,burst_hotspot
153,82.45824732485441,47.61837818548936,58.55349401313166,29.42590666215125,273.53331562852634,0.0,1,1,burst_hotspot
154,78.71845192803313,68.29368733520833,49.14203918712623,21.308103039808294,399.9750021478752,0.0,1,1,burst_hotspot
155,85.59817926951995,44.7657890042893,80.76966746913051,7.596244764436999,319.52782247641716,1.0,1,1,burst_hotspot
156,79.26147652890585,42.325593389131924,28.70167595423013,30.291425833465635,362.0005472855986,0.0,1,1,burst_hotspot
157,78.59246638810669,53.22902558907706,54.5579541993206,41.68869130692627,255.24466953105696,0.0,1,1,burst_hotspot
158,94.84121968974968,50.65766470736027,19.247848527125466,5.97821001403705,410.0322443344828,0.0,1,1,burst_hotspot
159,94.00098219889102,40.877745747032456,75.21021316728057,33.504214809634135,283.3895679359815,1.0,1,1,burst_hotspot
160,66.31066582956547,51.04114783473307,23.47009889675693,24.108332874320368,371.11471410159265,0.0,1,1,burst_hotspot
161,119.15950995884475,39.15212842108544,23.05746735232909,16.088443237224382,347.1838719065688,0.0,1,1,burst_hotspot
162,74.08615082328174,45.282593001951106,21.05035221950452,33.523021983411276,279.4475913384462,0.0,1,1,burst_hotspot
163,62.70737217647883,49.5660941969485,61.34691307249359,15.286622129638742,427.94821931169304,0.0,1,1,burst_hotspot
164,112.55334035609948,44.917407701673795,14.395559795665665,29.85424855237483,440.4862697770001,0.0,1,1,burst_hotspot
165,70.59708312680445,64.48685427148685,54.43318689661617,14.918956346295447,384.1391812952622,0.0,1,1,burst_hotspot
166,113.87015115541061,44.74531771089973,61.737778329756814,29.755691250168432,403.56650269794636,0.0,1,1,burst_hotspot
167,85.24391212621029,74.47381042572653,67.67233049262803,26.90048202952927,276.2897231005063,1.0,1,1,burst_hotspot
168,81.72795064899805,64.5674690963684,31.9726522614983,28.280393315087466,204.7694561717092,1.0,1,1,burst_hotspot
169,93.4254763375468,70.41059332300797,9.30364986302279,33.22226325447518,343.60359617421364,0.0,1,1,burst_hotspot
170,79.69383219201805,66.62190385115959,37.86275411437164,50.311305887787306,343.01663498074913,1.0,1,1,burst_hotspot
171,86.54986140704864,34.53890448344514,16.4115376572411,20.67910149496777,222.01176649893546,1.0,1,1,burst_hotspot
172,73.6524702357213,51.45871074462591,71.99119457553029,53.136861388010715,291.180193363612,0.0,1,1,burst_hotspot
173,118.91837901516843,35.191748683812996,37.66151297061043,13.721981247118311,291.9565553877691,0.0,1,1,burst_hotspot
174,58.639078012253535,59.85286627296716,45.20358979262871,27.695901819348588,367.9246192497458,0.0,1,1,burst_hotspot
175,62.280055780397035,55.24213300224045,10.777695006933538,9.361195900971346,315.86823750636927,0.0,1,1,burst_hotspot
176,87.67563859806776,41.97451249403046,50.601500124332176,29.058011797377528,293.5357673747593,0.0,1,1,burst_hotspot
177,93.77236441881429,70.13191633381389,26.927181180712026,33.22257927490872,352.47159246335855,0.0,1,1,burst_hotspot
178,98.33019361585754,37.13577762524777,56.90245012083905,46.110494707281184,396.7211209634639,0.0,1,1,burst_hotspot
179,98.16255730891454,54.177428952824144,22.331051327310927,30.348408849384363,358.820636084024,1.0,1,1,burst_hotspot
180,105.03594333904526,61.411472183701676,93.08360821354962,41.019282578048085,371.42073633549103,1.0,1,1,burst_hotspot
181,117.08894248825385,33.13089220461484,53.13951153844311,15.636691162430704,348.2832158805195,0.0,1,1,burst_hotspot
182,89.05807763824552,56.06291551391534,17.498546270974654,11.328042285711039,242.89909232441553,0.0,1,1,burst_hotspot
183,76.75662505711891,61.37261541046469,6.635088789158442,32.88465904708694,229.4400860184908,1.0,1,1,burst_hotspot
184,93.67035933267758,34.73021035363952,43.96959741446426,13.094428615703386,370.8864368300077,1.0,1,1,burst_hotspot
185,96.12190431785523,53.41997190012311,27.876060385832623,11.669835639207044,333.96393232909156,0.0,1,1,burst_hotspot
186,76.25343645823213,39.26324284173299,25.405626411606328,49.014764066555614,344.30110997285476,2.0,1,1,burst_hotspot
187,70.31267597585489,57.60747435845538,72.24687607705751,53.13809023753435,370.4597061918537,1.0,1,1,burst_hotspot
188,95.50292889716768,33.816287154265716,48.265064446379135,32.20796114156244,416.34080790334656,1.0,1,1,burst_hotspot
189,80.86180452065526,66.84753713727193,28.63719865848207,23.178825691066727,247.2599444358156,0.0,1,1,burst_hotspot
190,104.80449588467539,63.36435520328281,47.63674710347009,48.17068640104231,340.0842569765934,0.0,1,1,burst_hotspot
191,59.613069774795804,42.19130157052803,27.299186503019527,6.052642156312132,247.6358329654215,1.0,1,1,burst_hotspot
192,68.65337410489398,47.08769089876433,82.94679913424179,27.64005674088905,330.87408754083845,0.0,1,1,burst_hotspot
193,70.25542596443807,56.082700548803736,12.130036489959343,20.695239151052867,288.3638138078511,0.0,1,1,burst_hotspot
194,65.81890468541106,65.60908132120146,60.82249359075998,43.39222708516118,354.1435383603526,1.0,1,1,burst_hotspot
195,62.91682365198653,48.11350351670515,65.14824306657435,48.71116058840624,370.06240850843125,0.0,1,1,burst_hotspot
196,93.55207485387587,46.3269401237709,20.453525959797478,40.179671871799606,270.61758087342986,0.0,1,1,burst_hotspot
197,93.4993874039121,34.4684715060252,32.89481394909761,15.124881638207857,311.6231474592391,0.0,1,1,burst_hotspot
198,65.9182909923508,71.7461935318418,41.40438353075352,27.148223410997094,254.89199795619862,0.0,1,1,burst_hotspot
199,87.84866340228116,48.01575111591887,76.58572319878036,20.537740335126347,406.88366408078366,0.0,1,1,burst_hotspot
200,59.30316132063569,67.01824664612084,47.390871316688205,49.29347643708506,173.44308911884153,1.0,0,0,normal
201,58.2310593717001,52.80688496882332,52.629692321498034,11.883640873756416,93.69226122603393,0.0,0,0,normal
202,39.58531428686649,67.5625563626809,69.74481587538968,5.681640205779,132.98824325251985,0.0,0,0,normal
203,22.174084113296857,39.85553485221489,70.01104013122983,35.1733703852642,90.27616911014678,0.0,0,0,normal
204,13.944929855426993,36.29821550728242,35.824146123359185,29.76928676903943,103.33761472110024,0.0,0,0,normal
205,29.743720454320112,69.02174366729957,44.6721019735901,43.58283268728804,136.3845834324975,1.0,0,0,normal
206,22.31148077848474,66.20272871825026,60.79302785525524,5.203604523696675,48.35971435551523,0.0,0,0,normal
207,47.80194481786626,44.879195122265685,26.406217909322976,35.343974625316406,72.59773889179351,1.0,0,0,normal
208,19.512476788967337,44.84451381732678,79.74469511283948,11.04738968637264,83.812825095421,0.0,0,0,normal
209,38.25029943158429,47.31829020537846,15.37911193472221,5.121036847071167,178.5512530119181,0.0,0,0,normal
210,49.415005806926786,45.367043978246535,32.993061662012614,28.130759850520263,99.73614056224622,0.0,0,0,normal
211,45.76450275997185,46.67209877765392,68.64954758246819,20.971935663905825,80.1270118802693,0.0,0,0,normal
212,30.720913901370363,66.20458360703788,35.36640185103752,27.541643907879937,145.74807573782323,1.0,0,0,normal
213,47.94802511066236,36.82634776588194,15.933711382799922,7.046215217464789,192.3069240200108,0.0,0,0,normal
214,53.105028105174306,57.186231999908344,24.214410098977634,6.979752821458556,121.20795020379158,0.0,0,0,normal
215,47.43351337021427,33.606523590970276,48.30627168957751,40.31565383024916,83.1579368446146,0.0,0,0,normal
216,28.853741720721757,34.270054358986634,62.11002374994374,20.494072305835765,141.77995176146257,0.0,0,0,normal
217,25.992597439541015,58.89860846825277,12.79338528535537,30.305963306083385,110.46613053158427,0.0,0,0,normal
218,52.686952043948516,46.68047795826,11.283968047627283,42.115689062357205,148.79052034377614,0.0,0,0,normal
219,35.73333693467287,55.378794788888065,46.13764677291335,12.890997557598341,80.73866753060926,1.0,0,0,normal
220,34.59940263949266,35.88216941725785,80.80121972566866,39.99341969506363,22.15882315281551,0.0,0,0,normal
221,43.100223335959726,66.4708768043028,27.14777534719762,17.634166836685377,79.72250908916817,0.0,0,0,normal
222,47.060616920765625,59.191649726681774,81.06515534994469,25.31336559492836,141.2176439840432,0.0,0,0,normal
223,65.467045844283,63.41256239753119,72.16020878520898,11.393031964848404,124.5344262214351,0.0,0,0,normal
224,36.607892159228435,33.013655597985625,13.72173519799604,46.187759680886856,97.40613018338104,0.0,0,0,normal
225,57.090720706882074,47.1240672222888,65.40315230622102,33.60291749026424,101.43488039663764,0.0,0,0,normal
226,25.12486690399803,47.929601671190426,65.61464302067158,24.912048280660144,147.2720182530387,1.0,0,0,normal
227,51.07809563382573,55.551902043007125,36.871732683566925,53.68103248144378,53.04910852201769,0.0,0,0,normal
228,54.340942870375514,43.13267861836946,41.42027721549447,25.859891846091138,157.07257839669586,0.0,0,0,normal
229,20.468896626740143,35.90065278417165,77.74176019989369,46.97439946621251,156.58105261608358,0.0,0,0,normal
230,23.057451437927902,40.62126701557119,62.1018825705886,32.55933342170852,90.54962997411917,0.0,0,0,normal
231,43.85924791958756,43.92623513922735,64.15343799854526,47.47978328935039,196.88575641023664,0.0,0,0,normal
232,55.57615228237672,47.128211148543684,73.21381904170318,47.78871588207296,213.94575533563992,1.0,0,0,normal
233,39.7165375962082,40.92471050524855,54.42425911587831,46.18294027502587,104.27946320254736,1.0,0,0,normal
234,56.54615234121226,42.78592487973526,67.15461268541442,10.654901587364037,51.66882066894471,0.0,0,0,normal
235,55.03034346241717,53.29192815368008,71.8282467456076,36.35826009388761,106.28308035702011,0.0,0,0,normal
236,39.46567723576728,42.21203405694946,34.11798349479161,44.81141487258342,68.17135315451992,0.0,0,0,normal
237,49.97328348846513,42.86417322823079,18.098521311587152,35.84563002764011,143.53011736892563,0.0,0,0,normal
238,19.206621512181474,54.24097715271365,34.268615758220136,12.155610461462109,185.29853457101947,1.0,0,0,normal
239,22.711411612978562,64.13969587928321,67.28290036605043,51.0325316696021,151.55739513115486,0.0,0,0,normal
240,50.85910608067369,42.25089142177271,34.40681751075551,15.172960415498265,104.09462597736162,0.0,0,0,normal
241,62.20421504211071,51.76248159982897,56.46098445434205,30.751549157147373,123.79659701097626,0.0,0,0,normal
242,31.70567396339957,67.68839795690452,5.0,28.11079034184167,59.677786127730585,0.0,0,0,normal
243,45.992819841581095,51.02228938392159,35.77106547058218,10.291402914649652,147.2696001599641,0.0,0,0,normal
244,43.50432295552474,63.52575056814382,45.424892666321725,35.65041849916461,68.60256087375492,0.0,0,0,normal
245,55.190731442296254,58.70574967183668,30.00569382644594,8.07134152191717,194.02684868133096,0.0,0,0,normal
246,42.500070368067604,31.113241376783325,75.0532096768993,37.49470043442618,195.4835190513488,1.0,0,0,normal
247,27.131029431270402,48.65771636744529,16.743128057734094,45.014531194777824,62.796175363121016,0.0,0,0,normal
248,30.695324628895843,55.63095329548305,70.7337536623049,21.199959617475567,130.6485927197264,0.0,0,0,normal
249,31.03780873501882,70.3660659680127,15.055866080564709,36.47565819097793,83.00111979061151,0.0,0,0,normal
250,38.328105911392534,52.760710094885944,74.25273585342583,11.899217294631315,168.52905388358053,0.0,0,0,normal
251,51.17318937290059,31.061078952829043,59.68534914593556,54.35360420740728,114.8296724332909,0.0,0,0,normal
252,44.71569800057851,53.12102971328309,30.55485948363614,46.01852582890228,87.31342006780037,0.0,0,0,normal
253,31.00083784723691,39.401821886210726,20.19278549269994,10.904328173305192,112.13697635789185,0.0,0,0,normal
254,35.89874956918795,60.07597724008431,15.962263506436638,50.57909276222754,50.51720389700738,0.0,0,0,normal
255,52.75950151734136,49.86107082589586,49.97573605644313,30.72145255488587,151.36045634841545,0.0,0,0,normal
256,57.07298583981705,63.70774217801088,62.21156928145879,24.677547268842257,75.2381298708566,0.0,0,0,normal
257,21.892535212946697,65.1408668382263,51.85098731997384,41.44778615294002,150.07404273071447,1.0,0,0,normal
258,26.048158094977808,59.76140576212779,41.29601093854408,24.643166913335087,159.12867270719875,0.0,0,0,normal
259,47.98720348655546,57.07946934350886,65.23891823689898,36.945933672017645,70.1886448154028,0.0,0,0,normal
260,24.84034059877316,60.45427785885573,56.97395939270526,15.846696756029248,111.65128154444241,0.0,0,0,normal
261,56.52972910071832,66.4422716498993,49.02454272901127,21.578613444030736,182.85351639000254,0.0,0,0,normal
262,35.98813799126231,67.03349999261823,40.33928603685611,51.682475628527925,74.2103727197832,0.0,0,0,normal
263,24.871666834325378,35.834856290322755,57.27097720944179,13.52621843481433,115.48268782585264,0.0,0,0,normal
264,53.66774517041403,51.92257525831652,80.65267379362996,37.10284449181062,151.02259525738486,1.0,0,0,normal
265,23.20975558181804,40.09939059224692,35.48396343873103,16.357596518649846,104.66670764963489,2.0,0,0,normal
266,33.06482546120327,65.55928859245742,30.162516976463415,42.64650381137935,156.30440843526685,0.0,0,0,normal
267,28.787575282839605,59.3833518330538,13.665385941767283,34.83739560444257,118.61997477533792,0.0,0,0,normal
268,22.789499224782542,45.073361577965,51.459812563073115,29.31405679090004,129.9591724545598,1.0,0,0,normal
269,22.297262018761995,41.92010026956762,39.14209155493246,18.12606248840202,61.03758209182749,0.0,0,0,normal
270,25.847964511124346,46.30993135330431,77.1393495325343,33.214581880919575,31.57222882323603,0.0,0,0,normal
271,30.81342169609531,55.55533256071014,55.93730977420495,52.849503479286035,25.55828951512808,1.0,0,0,normal
272,29.70279778557697,43.159170284907056,41.516009651743225,30.122348237549375,188.5740186884297,0.0,0,0,normal
273,50.11867597323103,41.810597055928106,67.8666822566574,28.49797505056498,202.24612530269707,0.0,0,0,normal
274,44.59341534095408,69.89665223775027,32.539684950482894,40.5012701233844,146.88625750879524,0.0,0,0,normal
275,43.85456311143322,66.22436828488408,70.72230132539195,18.427163045055835,87.74144598135312,1.0,0,0,normal
276,31.975737859859116,39.627911371133074,15.015482763959053,25.25378896140131,141.39786877154685,0.0,0,0,normal
277,45.74554073070691,38.092946977984134,63.23806275331763,22.43239386208753,181.57745947555844,0.0,0,0,normal
278,56.6621441935887,64.74044573173285,82.44479982469058,11.517048504756499,153.63485493153354,1.0,0,0,normal
279,53.79166755906037,60.48762560196798,66.97296432335551,39.86712271393806,60.43002561117361,0.0,0,0,normal
280,15.908215041411948,54.04494374536305,64.12384333901548,45.771621086183515,173.86341700933352,0.0,0,0,normal
281,27.978678342995572,40.966410581983155,35.59179701373832,50.25143678031952,72.17693229740948,0.0,0,0,normal
282,24.642261902953404,43.18676571475486,67.78893931550434,48.69858173596301,69.90105595732965,1.0,0,0,normal
283,35.25969997665956,34.84270061119308,51.48729154016735,27.41388426004904,180.45758323868668,0.0,0,0,normal
284,50.3364766982679,56.201002035790815,51.847819986227556,13.734127083935842,112.00446167798417,0.0,0,0,normal
285,34.88785307094093,31.805376141434227,9.934674558400136,42.29445968676173,110.10648312508742,0.0,0,0,normal
286,24.608047767180842,36.15390556045211,18.409426667485427,48.82415704148685,132.8088109710159,1.0,0,0,normal
287,33.477999450350964,57.38893837377504,40.0954425316155,38.828733352806694,197.35938985843143,0.0,0,0,normal
288,39.876179028158326,72.00423384745987,14.146369824997423,27.338101876759495,69.95102080281859,0.0,0,0,normal
289,28.609854931610123,60.25092962444544,54.5282838087181,35.48773922884302,183.44445542732055,0.0,0,0,normal
290,54.63418910416875,51.95298890452501,64.25083649158876,47.39043825244996,98.51375044661673,0.0,0,0,normal
291,30.49206682632822,54.18879250404352,73.51695405357052,53.366294041307505,82.44340882867165,0.0,0,0,normal
292,56.5247448459108,51.12930220691928,10.56828828623781,42.58228254305762,110.96546701408278,1.0,0,0,normal
293,29.426870993092976,47.178225491054974,79.52393049258819,25.528574385892853,144.0890840761977,0.0,0,0,normal
294,55.60265171574123,48.883787967209734,20.64473891568477,21.2587652710018,107.62954309481496,0.0,0,0,normal
295,60.764237796081616,52.0620174058685,41.36237299629469,29.264862839909103,117.21522803801709,0.0,0,0,normal
296,58.87419659414392,52.84863585772653,67.67540759828682,20.487115833953837,180.14640625534219,0.0,0,0,normal
297,53.36779986073741,68.18842851675839,19.63135832034634,50.261830356976944,150.63509951610754,0.0,0,0,normal
298,52.20710611365742,72.06511525394409,8.482204525820778,27.58383196746652,151.8720138744619,2.0,0,0,normal
299,43.85010258043876,36.10009927192542,8.544936839881782,28.746592174394106,172.23184064150558,1.0,0,0,normal
300,55.30818032145217,47.898208934634226,54.46790762964009,22.985713519455373,136.48003284424607,0.0,0,0,normal
301,29.488084358839338,36.201817895098216,73.62189855404313,37.690058648153716,122.5035623534177,0.0,0,0,normal
302,45.326940217527756,41.5452167201342,24.039166989145492,27.435759708040216,111.77014258286164,0.0,0,0,normal
303,48.231777423287156,45.630966781822224,25.791585513932404,15.162746941927708,137.4584941124958,0.0,0,0,normal
304,61.62026496984752,39.05898899762828,39.45460750128124,42.00910551557024,80.59483668876933,1.0,0,0,normal
305,38.53719586434409,65.53617265972508,36.0487053375933,20.390310839985972,89.03829055176817,0.0,0,0,normal
306,38.42578911775085,51.24735091060583,64.99733415964363,23.880329111533964,110.857118042564,0.0,0,0,normal
307,44.62312809245155,64.08933020665815,84.07416547640689,11.501810460366347,114.19289287543954,1.0,0,0,normal
308,32.291953964492066,35.7420867728929,67.4853091367271,35.50556847634766,191.7253633313199,2.0,0,0,normal
309,24.736738641682813,33.113008696296276,73.24082459460509,34.26126790452705,148.14923681337388,0.0,0,0,normal
310,47.14537219749403,48.706953689476826,46.26916875584459,43.40677407854059,113.01516939076058,0.0,0,0,normal
311,39.68536734516725,32.823714530722924,72.02021755654457,13.898975765698388,150.36309044191395,1.0,0,0,normal
312,29.99068110873726,47.002088987294414,22.492735425640454,48.077605129057424,120.86429626121489,0.0,0,0,normal
313,41.039946692030625,68.37649525051536,21.556608928084593,37.484227650363664,109.48664047240611,0.0,0,0,normal
314,27.543236353868252,38.916095037066036,47.967977841414815,15.31532479485214,127.19760341704006,0.0,0,0,normal
315,26.618412197040662,39.82205576457558,11.962220092298246,19.10816880611921,172.61079964113586,1.0,0,0,normal
316,39.94191780995625,51.24907977056749,86.32263883063752,23.290901316221166,48.044369017257566,0.0,0,0,normal
317,49.256607610707285,52.49649021748906,56.23730751608495,48.9484424414837,122.84152283183968,0.0,0,0,normal
318,34.46684418389446,59.64326332051626,76.81194844024297,21.852677106593543,138.39774870667347,0.0,0,0,normal
319,54.24373265533942,45.19302464626074,28.271580341826038,27.716307499153512,161.8476553996753,1.0,0,0,normal
320,58.160985938125656,65.85592285289304,47.646155681428404,36.26070577314853,203.0119953797448,1.0,0,0,normal
321,48.85545477360851,28.899915899582847,59.10573621230515,42.58466664091077,187.50547910239698,0.0,0,0,normal
322,38.041246679371,48.62891823220411,27.490863373415138,41.40532441262136,117.00084083955969,1.0,0,0,normal
323,43.711217773771374,58.26634707998487,54.63761662402711,43.56413093095538,48.37065788144133,0.0,0,0,normal
324,53.80620391052523,63.89396480408484,53.59012873749457,11.646488924516305,126.20943949266413,0.0,0,0,normal
325,46.15020221492651,49.65221566315591,84.87327252688422,46.267679318993785,178.9577262266845,0.0,0,0,normal
326,45.28888156108302,53.361092918878626,68.69260649032907,17.836902890874924,165.1486614267623,2.0,0,0,normal
327,43.974452726314254,33.8681653390097,26.233896087850944,7.899174559720206,171.92483535432655,0.0,0,0,normal
328,50.33863760463225,37.32118490010594,45.75658756633996,51.28159857181532,63.23662033955492,0.0,0,0,normal
329,26.868747258616008,28.660078883349346,72.30650927113076,14.056825988480462,175.52829671120583,1.0,0,0,normal
330,48.40005892318437,57.36927635970999,28.24082217975718,8.9891919883262,219.3138688324679,1.0,0,0,normal
331,25.121325196095047,46.06067920724628,43.841889735116446,28.909410288013348,129.45870938347693,0.0,0,0,normal
332,45.59052037350487,54.279959667033594,26.284860659017202,14.753627726501604,160.13290485306763,0.0,0,0,normal
333,56.30768924032336,32.02198511288387,19.40057320309697,11.180009722343641,119.40058990438487,0.0,0,0,normal
334,18.61650487210786,64.97275184746373,56.070897203842016,33.38007039301476,130.84841005057618,0.0,0,0,normal
335,48.707271375105044,70.32707352631836,33.52652336462179,37.32813198435133,126.20124181685692,0.0,0,0,normal
336,28.499250208932114,37.54296101850041,61.88759320364201,44.97688454995096,51.21426823294471,0.0,0,0,normal
337,49.70921477870943,30.963748677128162,28.274939097308295,13.420880878420409,175.36973949412223,0.0,0,0,normal
338,15.146894713002643,37.8550936106263,54.80768341442404,34.056559299692,165.56061278332737,0.0,0,0,normal
339,55.14691840401548,63.618659464366004,28.28488451903095,42.5788835199149,203.94810850003645,0.0,0,0,normal
340,32.12792493792287,44.11543897327785,66.99154278601247,10.800444973259912,47.86545332473563,1.0,0,0,normal
341,48.948232713448924,49.5593009765585,5.0,16.507171614234828,62.53013755645354,2.0,0,0,normal
342,52.35527339462979,51.97954162256974,49.684769200664945,2.5,98.18356175650814,0.0,0,0,normal
343,40.742277064785135,62.31762011273113,37.261530295676785,32.48129112033456,167.55874328262803,1.0,0,0,normal
344,56.24324539152122,48.19041933600302,32.89561939510619,11.732079532735257,170.13043978322466,1.0,0,0,normal
345,50.829137750749595,51.10000278722185,47.72001198387693,42.98884601384426,219.13757307688664,0.0,0,0,normal
346,61.186898595635654,72.12571011915675,73.86088345715476,48.6758005178246,91.50846769670477,0.0,0,0,normal
347,34.13217583024386,36.255936978393144,69.89648887691115,20.37913107019783,161.88766409194452,0.0,0,0,normal
348,52.687939173252445,66.63001806782323,32.337543162241204,31.458872775005705,154.20427879357183,1.0,0,0,normal
349,24.73520012787457,32.06600817316319,13.49935283284806,13.566471962717731,97.50431002536091,1.0,0,0,normal
350,47.9008054794553,52.7170679647129,50.13961655324033,9.084048441480961,201.52477274322706,1.0,0,0,normal
351,22.666430247201806,68.53505914343074,56.93876704097762,45.571927113363344,123.35580786718008,0.0,0,0,normal
352,49.11967871207265,58.18578946004104,21.312384044683444,32.95664608254987,50.32742823536091,0.0,0,0,normal
353,41.620185169068534,57.84943783754747,70.22069617897888,49.53587342288289,54.808850395345566,1.0,0,0,normal
354,38.16638946289812,42.757313677555224,54.74521593423012,38.16384721960028,185.2753234461592,0.0,0,0,normal
355,42.59127984112807,50.16875288355927,53.79676001777934,12.703070904604056,135.02401214066694,0.0,0,0,normal
356,46.08539821890412,52.62863999815685,40.475598944769004,31.414920370329394,164.73793593036967,1.0,0,0,normal
357,54.66986877619841,55.4609896717143,38.55488891948447,12.146406778433521,164.12570051423566,0.0,0,0,normal
358,45.34599371471721,53.20708705519424,13.338673638485009,47.98211929834887,98.26967871538113,0.0,0,0,normal
359,46.95047295489366,54.136470659660425,65.49096716182862,28.51887097651283,161.76570618843778,0.0,0,0,normal
360,52.693859170889176,45.56709992515034,19.965549412330866,17.669382162849164,180.49063514340787,1.0,0,0,normal
361,26.09910636272627,43.29304620013999,63.6456475690515,32.42362171864438,63.34135398206275,1.0,0,0,normal
362,29.46225824792238,48.523935098355295,79.52260854899419,31.686853060784184,166.6121709638047,0.0,0,0,normal
363,17.811405412567108,34.78576118459766,54.92192558746248,43.75139569220087,87.6636174878019,0.0,0,0,normal
364,43.835467346350256,65.37246717088668,15.476821976340657,14.05245692742383,130.5403141076771,0.0,0,0,normal
365,42.075506447941265,54.39126787326009,24.975481459598637,5.833067118912992,80.58264400014396,1.0,0,0,normal
366,53.88323838246288,39.124298955412904,50.063210451030905,8.104559549948249,194.33311999717125,1.0,0,0,normal
367,50.332142860850716,59.06684968169646,55.3136939272261,22.71308749434638,59.36924343131217,0.0,0,0,normal
368,42.623489563622776,66.16132899634184,78.4616130509172,23.9785481769574,129.43918926544464,0.0,0,0,normal
369,59.65387300848624,44.608790742535746,32.4680803433956,12.58091912755951,173.38952033080398,1.0,0,0,normal
370,54.982837924558815,40.463475989602976,68.50810483444684,25.760253705034568,72.39231977914419,0.0,0,0,normal
371,43.519379745280325,31.71452727622634,28.858553213653874,25.503984893895137,174.0059570246181,0.0,0,0,normal
372,35.572462478520194,31.740028263624737,48.47442045596926,18.466485326234185,178.73404105659992,0.0,0,0,normal
373,31.251068153696536,65.76087812710003,18.406587660837733,45.237082930060126,69.29941525522602,0.0,0,0,normal
374,29.88565153798852,73.67912682439736,58.45972604926495,39.39729945846809,40.53536398829962,0.0,0,0,normal
375,29.542299019243245,28.851442444164917,24.454324155076318,20.19414192528424,203.37658815780597,1.0,0,0,normal
376,57.21823696724493,60.86337654647087,44.436233361417706,29.981933536015497,88.78332126445619,0.0,0,0,normal
377,35.271573409730735,35.25603301968868,66.76586451783851,25.756308525288585,53.01926581939385,0.0,0,0,normal
378,46.462170599456705,57.91180214750977,58.09121537595129,49.86032503301996,193.42542609392663,1.0,0,0,normal
379,52.38980222864721,64.86831578194882,8.431114164260109,31.089645279781724,188.5588223934324,0.0,0,0,normal
380,41.0905810845077,47.11989389423593,11.803948022499476,31.390590527994835,169.2271261859452,1.0,0,0,normal
381,63.01432068265689,34.09813143850312,51.36863545854605,49.5795594739588,193.59266270970326,0.0,0,0,normal
382,52.68547915013035,55.909984492151494,35.64085581202082,42.459329706162094,213.3991647092506,0.0,0,0,normal
383,40.07825677971029,69.54323006105943,19.938469138995433,45.95488486275551,140.76571119473635,0.0,0,0,normal
384,39.22347042689102,41.44090374041607,50.01447089734417,24.522382878642475,158.70141980149933,1.0,0,0,normal
385,56.22273272404612,39.56162464740895,33.845259438835846,15.702342676326579,195.65259680969243,1.0,0,0,normal
386,52.05091825581443,36.782997960084835,60.53380535384722,40.249768903356326,141.0283582115762,1.0,0,0,normal
387,67.63460563108065,48.48850608267183,47.556477889770626,30.712521448165642,121.35530473939588,0.0,0,0,normal
388,28.543853737470897,54.60535396962264,35.83581813640248,31.8631656536374,102.68439594626494,0.0,0,0,normal
389,54.46149875249745,63.80445044608355,22.420048268747987,43.01412413782539,145.7249056619705,2.0,0,0,normal
390,45.40453423793534,61.22882096910329,26.663046753520604,16.172069531159682,107.81039879453957,0.0,0,0,normal
391,25.19050724002407,66.91618840526873,22.14919319357977,17.404721727735193,86.82502609944787,0.0,0,0,normal
392,44.4744692865777,65.65488204610581,37.80730303364831,37.69518760637228,128.968229951711,1.0,0,0,normal
393,47.89762847318487,38.61881176203188,69.20709676072005,18.26167267005714,175.78391669169343,0.0,0,0,normal
394,26.12735319984238,49.32096955317681,63.96353481869851,34.037591003552066,127.71824453680344,0.0,0,0,normal
395,33.21488206083393,42.82696899123317,40.96684417851397,45.188200380237824,30.209352541100372,0.0,0,0,normal
396,58.44398064950138,47.46375839856547,51.224705331822264,24.43104456102649,137.90082091908403,0.0,0,0,normal
397,32.280614913193354,74.32543388765977,51.541659402539906,37.76631287518023,58.78015874332186,2.0,0,0,normal
398,41.83971441472354,61.612220919967164,76.43682793182101,34.9558992801296,140.47316152624728,0.0,0,0,normal
399,35.179613441912274,66.5738252504377,33.08952997609781,39.24529774974725,115.05853212578201,1.0,0,0,normal
400,39.39161992509741,71.81414455007382,40.72636370602146,10.877182970301522,75.68896582064268,1.431883860865445,1,2,memory_stress
401,63.72521566130967,84.58875735160987,21.540763723952608,42.428895524277365,183.85546377273948,2.6776881557479886,1,2,memory_stress
402,57.10012352026093,77.98604793026418,16.391286787344406,37.604717527379755,61.300137585816415,5.375118146274932,1,2,memory_stress
403,20.37951733667026,65.98076337203777,38.2112815646267,25.171662763333973,64.36923022292046,1.1992569265751356,1,2,memory_stress
404,65.21787059776713,74.4983954004314,64.31444922103438,29.61394680627134,174.99945105181604,2.756419407460137,1,2,memory_stress
405,58.81242132285265,85.98337469084838,71.93476148214384,49.71892894925178,149.48227042569624,3.21677479669281,1,2,memory_stress
406,26.96525252603129,71.63614042609598,14.661563229825013,25.36131124322261,155.76349405494432,4.7694229060146025,1,2,memory_stress
407,55.41367365135427,103.4224175053744,44.2292869396497,36.75031738541415,200.98667042782438,4.202172496988073,1,2,memory_stress
408,27.754919230988364,66.55731069960036,48.501546923299124,49.19565018857714,183.46985744236466,3.7021418523041563,1,2,memory_stress
409,64.23349031426214,60.0230642538167,58.43568019162656,47.580387485668226,58.169182036147085,2.662396249323523,1,2,memory_stress
410,49.38643491205689,82.96377094799267,45.994641365667704,21.68902071039573,150.27622899966264,4.489378411060623,1,2,memory_stress
411,49.2249262897414,62.94345110959618,16.632456704203673,35.46052777129755,159.3642022326345,3.0821843520677565,1,2,memory_stress
412,31.57207464837769,102.61620340746313,74.36974446733515,50.78997489134771,58.825267181747535,2.3417106093738957,1,2,memory_stress
413,62.85047159550773,85.50313866486445,82.54723975122218,31.66441322553387,181.9596062652148,4.724269338717745,1,2,memory_stress
414,11.761760313047803,66.63596828033292,60.202214648690365,12.441995680198941,105.45648016620166,2.393728101054416,1,2,memory_stress
415,30.438368102295154,90.70983287071408,60.129111709243816,9.404442827358498,152.73417057843145,3.8899870325668338,1,2,memory_stress
416,27.1422708964896,86.35587585552352,59.16401077298811,43.29967601478544,156.56455014949145,3.039313012302752,1,2,memory_stress
417,46.14732333678086,92.35678080597134,42.09893790621507,23.75296926125594,135.53005774198115,3.7852791313991365,1,2,memory_stress
418,30.394901321445165,96.57187645067208,16.157524306976875,15.975893180914735,69.52185960625924,1.3570154398135783,1,2,memory_stress
419,63.515560174877436,83.76176373381011,57.75376047400684,22.26589102444329,184.44389294879102,2.02021132800213,1,2,memory_stress
420,44.004490134737246,73.63140090293318,20.60013849271321,41.00274842964717,148.03057394336375,4.198651473133179,1,2,memory_stress
421,24.897112174547335,63.67683063574129,71.7099834613419,26.285732743735846,44.3873012343495,3.7914010019666344,1,2,memory_stress
422,18.66389945596227,93.0813813622043,48.362365185959455,47.48823573200852,32.856639573925726,3.2783984658728214,1,2,memory_stress
423,21.49366858585725,104.67150372902584,42.27623989713246,32.927604500295686,161.46755382192376,2.1204679866846536,1,2,memory_stress
424,52.266581642589244,90.47910092360542,36.22476641977091,48.028771734408316,56.26542032297651,2.970945363774549,1,2,memory_stress
425,52.01404115392931,84.54649303377484,80.7072154769633,45.98795820073153,122.37633727446351,2.6278479518800206,1,2,memory_stress
426,33.52096278113804,72.18856645818596,12.264722179152304,15.160163782247988,133.21344272766402,3.099882254287887,1,2,memory_stress
427,48.626481252678964,87.34297028602832,22.24415713982954,43.30945753535046,102.55944690927387,3.3706408972702047,1,2,memory_stress
428,31.878547851709936,107.51353139100706,19.717701661424687,8.139883940666284,132.39092868698899,3.320614727185018,1,2,memory_stress
429,56.594163930893046,77.00487394903095,51.12323593039814,52.45188131223554,111.17904117365816,4.096415169509838,1,2,memory_stress
430,58.531817836290166,72.39050978775995,90.18678201950902,16.962352064255004,188.52683356732317,2.6579490158994985,1,2,memory_stress
431,55.3415220041748,87.26324476233148,31.663507039329577,37.00766353156944,196.43476038819674,3.5371941459816316,1,2,memory_stress
432,44.445553643354245,87.25426662133191,75.37423130905685,40.510899096769506,94.84459558688242,2.7885624047219015,1,2,memory_stress
433,60.414331713225955,80.85354092018243,28.279339037957506,13.706641678378421,126.51211990456416,2.71269461765989,1,2,memory_stress
434,22.480112879896936,61.34396537759572,59.300011916543454,41.57653671208854,123.24805840024224,4.903467608625556,1,2,memory_stress
435,29.430006368568478,78.37852715909855,20.95854319524082,6.61644062156236,188.86677232963103,2.049010881133875,1,2,memory_stress
436,25.210324712363786,81.58021279199829,41.91398315905159,16.829304948633347,93.41614979809319,5.080418468088983,1,2,memory_stress
437,40.04363399673713,90.35274462631983,57.975927405869065,23.914680180127124,136.13439482527912,2.8453193364950695,1,2,memory_stress
438,54.776207579667414,80.88959023180499,54.94078339869103,29.879787714700452,195.90459556040253,3.6547810857714147,1,2,memory_stress
439,48.41910118347284,95.90824426983325,17.2274701672206,36.90390457995266,77.48434556697175,3.7081525581239734,1,2,memory_stress
440,58.852236556089565,91.85869692925763,69.84936780432166,53.64406303527937,136.97351984764762,3.4896348449429544,1,2,memory_stress
441,28.378340939701346,100.89226932571407,77.53880756339159,27.470395222196707,41.63433876723471,1.7825231471378937,1,2,memory_stress
442,53.64764292171519,77.55215693484676,43.55074755191437,35.968644619147,151.74360079856993,1.0295667961965824,1,2,memory_stress
443,28.26126465905601,88.57601970706581,53.71957722501634,44.889338916932985,88.12085555827164,3.3848864910746643,1,2,memory_stress
444,41.9692774183502,77.07297640938619,68.37467641543385,37.85578899449953,182.0085749979683,4.526218647952324,1,2,memory_stress
445,44.34946622553016,57.060087056563866,40.67099756606189,13.644975338046107,112.06407095001907,1.9223718429004215,1,2,memory_stress
446,66.48194069019921,64.872333851334,70.79799189144369,49.91385628329436,95.87297246545246,4.096948580923728,1,2,memory_stress
447,52.168374041966665,87.48255816116281,33.59932942626447,19.310201957165198,185.1668421021228,1.5235702020891546,1,2,memory_stress
448,21.01137737578945,95.14608093991177,78.51663475652138,32.27373944280181,156.87201760248217,4.766111807896036,1,2,memory_stress
449,55.8144532393252,89.9392756347907,16.79185279961421,41.027496333304335,154.77443700957656,1.8529560958012692,1,2,memory_stress
450,27.925983194987957,63.70646147789298,43.3251213325657,42.0103932188212,167.03541913947385,2.922019498105573,1,2,memory_stress
451,61.505384481964334,76.35468439573005,49.640333415553386,19.279131722238795,65.72739667919875,3.4989205303924678,1,2,memory_stress
452,50.75522015212834,76.01197023225964,59.69592405449162,22.11843459175149,164.86956830398773,1.8096338637624,1,2,memory_stress
453,28.321209224025424,90.04413071045451,76.29638966372356,37.01801226050337,22.981806995380825,2.3411265221110593,1,2,memory_stress
454,25.10120492480949,100.64686613526356,83.84155821019702,12.057721545359655,52.086463747579366,4.065843137758007,1,2,memory_stress
455,31.178451540490826,89.19428724061159,19.38597511889032,24.268113815159655,178.9556137607742,1.6860752997625872,1,2,memory_stress
456,67.08583228230329,75.19880576613302,27.53292065847733,35.284386106459046,208.22353117402724,4.082745825289417,1,2,memory_stress
457,41.35268256978527,67.46660181995136,37.771624015401414,39.259154197320456,111.68697116000946,2.639825135549075,1,2,memory_stress
458,50.00746344110716,85.61992195726847,51.1984573008205,15.980674894093195,83.56196981191799,0.7977745509263348,1,2,memory_stress
459,51.049041933850994,90.46367326189329,46.79001343482791,21.182676933634397,204.46903169814664,2.3767191924053144,1,2,memory_stress
460,48.88112898392466,84.69572000661425,70.33391759001802,53.12882718573996,44.598018207309266,4.9147117138182645,1,2,memory_stress
461,30.728848300393132,79.70799816029971,64.73945598989035,20.065630572110116,87.54476212700843,2.2386413667426237,1,2,memory_stress
462,63.13297376842374,86.79060697269728,19.58447021415505,14.457650455465345,81.99672138224503,4.497743878133629,1,2,memory_stress
463,33.284992779957484,68.0914486831648,51.51749197142229,15.799943822625298,36.79048777391726,3.143337945038411,1,2,memory_stress
464,41.72473196377937,70.42522500799399,51.58226559447599,24.859184259734125,101.58808677273034,3.503408055816455,1,2,memory_stress
465,46.84326406099953,60.292445098082915,40.541163951826704,54.78487455017056,193.77027095512784,4.036638584591012,1,2,memory_stress
466,41.75747321598092,72.0794393567156,23.751321439801835,26.4343058795167,116.49718399544085,3.450193972311433,1,2,memory_stress
467,60.90657083400454,93.80014986275617,49.32337824688891,8.10338364408239,108.35815414949246,1.6255060253589695,1,2,memory_stress
468,27.943764463895945,80.82280788140547,48.03184050895689,21.926921153818395,158.29087948191906,2.0575314230784354,1,2,memory_stress
469,40.91915871975884,55.78145309094734,17.974001298403643,11.335752777643211,121.24359464556534,5.170070990386582,1,2,memory_stress
470,26.688900332250363,36.77660324095072,63.70704219301557,20.48586937395389,150.05209717074993,0.0,0,0,normal
471,36.33247930052805,46.232615086641985,29.269426281836303,47.87519948766679,153.29947449754408,0.0,0,0,normal
472,31.612063653522455,67.8224730276631,51.98403520831158,39.658695969588706,121.65432566397658,0.0,0,0,normal
473,25.07028039465809,48.10851858545843,58.09257264332585,8.200924578823999,143.77441669529193,0.0,0,0,normal
474,34.93538854187766,66.9554153458997,65.25429165244911,22.18988653950078,165.49073383105167,0.0,0,0,normal
475,29.000442430532225,64.50718113372159,11.202853470717532,17.784627648335352,142.45858578429258,2.0,0,0,normal
476,45.250950476690925,36.466825803526156,15.407085657140595,10.657608934504271,165.67658438047454,0.0,0,0,normal
477,46.24839124124642,59.9243266638129,35.131240454067054,32.177426741747816,73.99402132186319,1.0,0,0,normal
478,48.93532628266466,67.81851989472013,46.29957669265299,28.29419964466137,145.95463368597933,0.0,0,0,normal
479,48.17055503094955,56.92386535594065,35.91764802181897,45.76591068405446,166.10343982070307,0.0,0,0,normal
480,44.8170847795055,35.5635359946211,72.87720818705317,47.390115623340115,94.59431626580094,0.0,0,0,normal
481,29.883878582730247,70.47959536882816,18.9950954522474,18.822082866608074,168.3277587383672,1.0,0,0,normal
482,43.569369196878895,69.3319391848171,25.474251224210754,47.182094781947285,122.71251692890341,0.0,0,0,normal
483,33.79445640661139,58.932067314354995,39.50841477161258,32.576097053953916,91.07910327471876,0.0,0,0,normal
484,25.90198636500069,56.887647048778206,70.94551602852309,24.46484351213296,168.65829034174686,0.0,0,0,normal
485,38.740105229270924,36.079476174033225,64.02378349049268,48.07680598456344,89.99939312098424,0.0,0,0,normal
486,39.81433042359292,69.41844137608801,63.79387956748897,11.776314156645437,98.22369085147801,0.0,0,0,normal
487,37.32743973100461,51.35631179735,52.90469211851617,35.03784280982061,98.69902859586055,2.0,0,0,normal
488,44.88147775777328,34.116577024220234,70.06792534743288,34.39199850310384,183.7523088325679,1.0,0,0,normal
489,54.27423238942612,55.927836341434116,50.6307397356237,16.53952059522989,108.1290266157736,0.0,0,0,normal
490,50.89305749942355,72.04845684647994,29.040179565863685,45.487186715948305,166.8166377905745,0.0,0,0,normal
491,55.51421286494731,63.66689674362735,44.4967107073707,15.364349181136417,170.6972099163698,1.0,0,0,normal
492,49.986599951683765,43.848434522402016,69.43562954993988,40.99619462390427,145.27029540272144,0.0,0,0,normal
493,38.96540836595952,33.745706381251274,39.32674554999643,3.5108204089782804,183.9345393713808,0.0,0,0,normal
494,51.06884467336726,75.85909490673477,65.97114172523372,9.280624781542844,221.73036891124548,0.0,0,0,normal
495,41.02573845363753,75.90428989562481,42.96845320046565,23.593204046215465,102.04309445195219,0.0,0,0,normal
496,41.57555162725555,53.916152299159,53.26447848028414,45.63479260864253,163.82285632050696,0.0,0,0,normal
497,51.479712207503546,58.36962960096797,26.9542621696135,10.819126326182907,111.8755598565835,0.0,0,0,normal
498,37.07731938601203,49.87367352938379,49.26571975224378,47.200421641473774,64.76825580168607,0.0,0,0,normal
499,37.85899644393553,52.603633558458704,76.76716199540712,16.097584133942213,109.43673887166338,1.0,0,0,normal
500,46.5271940741315,36.29117782614788,28.151257684491032,32.22517228624919,137.75953554857708,2.0,0,0,normal
501,52.25256986020335,35.11110411050675,36.580038036826835,22.73154513561585,100.3012236498133,0.0,0,0,normal
502,52.281799440050136,44.75506445804239,8.6520803737078,15.61100372326042,156.34841477815792,0.0,0,0,normal
503,43.09825844511232,64.36573257031182,20.246966555005354,50.82179332754008,104.42508893040846,1.0,0,0,normal
504,47.831180276454866,38.24002692608161,74.59904180167553,21.62973892687339,131.65017621692465,0.0,0,0,normal
505,54.46615328285422,36.84901373205545,45.99789697438151,38.22727405808005,61.715815545163984,0.0,0,0,normal
506,26.06636864041664,56.5871334082578,37.175586957647276,28.474549052566665,184.95168317933187,0.0,0,0,normal
507,55.26725265246455,46.96284954067659,36.069623673975315,29.679732905481647,119.380326303001,1.0,0,0,normal
508,41.6544698741665,41.231943507110856,77.38109578907195,32.30546979113545,63.20233387830993,0.0,0,0,normal
509,35.56326397431249,59.46304717056041,26.095052853550726,49.49825591304854,112.36436315903774,0.0,0,0,normal
510,19.60381423123952,44.735424431332625,63.94308057422069,33.64963955637012,143.96091128628788,0.0,0,0,normal
511,54.67201803118174,58.310344279703365,38.456409572133865,31.5754108766027,158.23308087597627,0.0,0,0,normal
512,31.60612739845337,66.21873384323888,31.21896537890322,38.88303056022171,139.05076948182204,0.0,0,0,normal
513,35.589370810732426,37.92142862065867,51.34947581758324,38.483124900141945,63.949955850678236,0.0,0,0,normal
514,38.18845391412753,71.42398082458006,14.576211440810013,24.003783305347202,185.45489975520815,1.0,0,0,normal
515,29.953115555759265,68.98006053622665,53.35818565183411,35.76038434469897,116.62183937266401,1.0,0,0,normal
516,36.455508946708626,61.505580265632446,36.21922938852807,28.27722889903366,74.7802380596945,0.0,0,0,normal
517,55.40314079011757,53.89134937563015,59.181028961149686,47.86615212240713,185.95389773061095,0.0,0,0,normal
518,19.939368466831766,53.25237450414957,62.424622405451515,45.2657415155023,144.5047075475635,0.0,0,0,normal
519,59.194171296460254,59.637864167278835,59.746881562843676,47.14453090709112,148.16477200690923,0.0,0,0,normal
520,51.369908875440174,66.41150565568253,13.856647270413903,55.75096036006845,127.06889510779547,2.0,0,0,normal
521,38.80893481898808,37.35166275584692,63.80574895621603,33.59176123185293,111.5423660821352,0.0,0,0,normal
522,29.4694798155707,65.2457475689878,84.8224013455545,33.76596422357022,122.13515502222478,0.0,0,0,normal
523,44.183443965034805,60.30237827283254,29.5641705196969,13.296972713197283,101.44098186838805,0.0,0,0,normal
524,27.316161133293186,66.68783482714082,23.83735392113021,18.100337693269065,66.99943391023147,2.0,0,0,normal
525,34.731613832467886,43.08037372586825,73.9385753724989,20.167397274436006,211.51608416296637,1.0,0,0,normal
526,56.68036192859192,32.21628370650035,23.54002437194747,11.026413191033495,146.32244849621404,0.0,0,0,normal
527,61.039119936890906,56.31095362954518,65.8462660254068,47.49154135556841,126.92607544770887,0.0,0,0,normal
528,49.108241112696774,54.578905305441516,61.24541374816087,44.63028959432683,128.04085711028327,0.0,0,0,normal
529,36.37465025320365,46.19728637529412,5.632597963249033,34.45605445262236,147.14165281579005,2.0,0,0,normal
530,45.55625999003424,48.070908633871646,51.20919058246738,12.085991105971026,82.57704495505102,0.0,0,0,normal
531,53.71916271132472,36.23554172414712,60.74212422721739,33.55259961016747,82.57084920184681,0.0,0,0,normal
532,33.44775153483071,53.09332845261568,34.866655637121895,26.313588077884177,58.81631476460218,0.0,0,0,normal
533,46.03536572112235,51.08999589593991,72.81110806278907,40.806389654154195,177.29647832588972,0.0,0,0,normal
534,20.600692166166333,71.5224579687063,18.84039824504535,51.47284736824837,130.33740101195548,0.0,0,0,normal
535,36.33789325958901,38.09527966079142,48.71522846549517,18.328716059418067,70.08846446423331,0.0,0,0,normal
536,45.00469190115681,48.13466146640053,65.90919253100438,19.53539090019818,51.464389604421896,0.0,0,0,normal
537,28.388116960154257,47.36767428224259,21.677627416650036,19.120279655044165,113.81707437731447,0.0,0,0,normal
538,31.321152479340242,58.35248612803913,73.60639471944138,14.087343032562368,129.54667516271238,1.0,0,0,normal
539,47.718402232690764,55.289237564305076,7.09371827643616,26.228676844428165,134.88990092806762,0.0,0,0,normal
540,62.09278574878059,61.69374299878236,54.59357869558734,9.310887662245012,112.1897211468755,0.0,0,0,normal
541,52.93383383235698,72.90379649528091,21.72330505650337,7.067570664936946,144.17650881784272,0.0,0,0,normal
542,56.80217526087923,44.91542936710411,65.55863738517266,21.906674833849653,184.92371574147577,0.0,0,0,normal
543,62.599519249728246,60.69438976949131,71.40580630558995,13.585359308708865,159.3400634138136,0.0,0,0,normal
544,30.57634906131977,33.00982896291514,71.24335727253798,40.00076624693416,67.59567655266152,1.0,0,0,normal
545,44.23724550343143,39.583434030165805,75.03446529114667,16.670273094618754,132.9628398228318,0.0,0,0,normal
546,30.44304186211736,48.41285459340428,58.93064791362131,43.821992500036025,128.97669419056186,0.0,0,0,normal
547,19.20766541868329,33.12874809343975,60.71791609828561,23.089889980828882,33.670945946320394,1.0,0,0,normal
548,53.79437207613437,58.17113490095284,51.060011342951356,18.404478961212916,101.00758155500786,0.0,0,0,normal
549,37.23665484531368,64.19986213008112,81.47726206596745,11.210936748864121,183.02666324010033,0.0,0,0,normal
550,46.77117841649571,62.49387690989533,66.67393854115163,36.011741951426906,127.42458284065697,0.0,0,0,normal
551,27.52122139298871,56.42840906635349,76.83420428091121,10.557580584726661,182.11415663773823,0.0,0,0,normal
552,22.258943146382254,60.15573356844143,34.78909333054278,35.00277688823962,106.74981586215894,0.0,0,0,normal
553,53.97708921887261,47.91326965807311,45.753776226883645,13.233262345571328,131.37629301824086,0.0,0,0,normal
554,13.557259480448852,36.20419193437306,60.987661646417116,49.12752666234537,35.890699723345485,0.0,0,0,normal
555,31.152589248616597,36.04249010580593,29.80755416428864,18.111562633170397,154.1147564171467,0.0,0,0,normal
556,33.7088367035236,62.94624465029399,25.254948292037028,22.870431175373284,47.24512470995997,1.0,0,0,normal
557,40.695050856935865,74.51474199822884,82.86310656136057,44.41260657212719,154.17990430862696,0.0,0,0,normal
558,50.56332307671079,29.850678302466783,36.8455721155919,20.909474138886285,84.69489740169274,0.0,0,0,normal
559,47.32067838009344,55.58291382951685,20.232315609806207,15.35431901411829,114.1450014396092,0.0,0,0,normal
560,25.483059688850837,67.78468660077395,39.814927544815156,43.744554576654714,107.66674992556108,0.0,0,0,normal
561,24.012923492321114,65.33230001691504,45.94147083105137,24.461833309294015,26.47215208836138,0.0,0,0,normal
562,59.022661712470686,55.96134113919081,50.512031009115404,8.783651973751104,90.85590053732855,0.0,0,0,normal
563,50.539988933172665,59.249275720581636,81.4497119963812,32.060822769342465,190.93239467191637,0.0,0,0,normal
564,50.02352828599876,57.579129113488335,78.68489127633472,12.918493867555366,59.19123598027501,0.0,0,0,normal
565,53.55904921128666,68.71577383537777,58.54294418097974,48.796606110007986,91.79253072430663,1.0,0,0,normal
566,48.686808375737,33.54007603200887,70.32623175058461,27.364629582635388,114.78337007849302,0.0,0,0,normal
567,33.19436081359845,68.00541553179035,40.20796528289892,29.647552799094676,93.55876844345212,1.0,0,0,normal
568,33.66662438473703,37.10786504454538,77.61633360954559,19.964864438344296,137.94667588345573,1.0,0,0,normal
569,47.42298911927056,67.36325890923608,39.54362561616384,33.141572663147485,86.78698972683509,0.0,0,0,normal
570,29.63886855423964,35.00618363914831,16.073369405468945,37.01968861117776,130.5658774044863,1.0,0,0,normal
571,52.91309618240725,41.979511527932445,75.0676694568803,11.929783281397555,158.22768404974113,0.0,0,0,normal
572,48.2283749303931,32.83548911197991,69.01697375606571,53.3763766695218,102.79061159268696,0.0,0,0,normal
573,52.56650428637177,50.71300372849713,32.593153097229646,31.638522546023587,178.93192599565805,0.0,0,0,normal
574,60.310311095777955,48.2148246488561,46.00464646092208,40.95705881040494,191.79888221784967,0.0,0,0,normal
575,44.0144808710169,37.3326132375037,44.321715598743104,19.496350179815988,52.62058481455491,1.0,0,0,normal
576,58.842257130853305,51.044615648820326,32.23155003881349,14.775802868145846,132.44033790714752,0.0,0,0,normal
577,51.82535892120998,48.0430307430674,37.66175335760743,38.87824348382093,96.91539510506516,0.0,0,0,normal
578,55.95433665474127,58.83963118414889,24.526437439523693,47.81179427702554,74.92475835358914,0.0,0,0,normal
579,29.39567939340709,65.8588449740534,47.74308599269273,22.069933680754225,111.73769911657479,0.0,0,0,normal
580,39.63971797345258,63.70730941187477,47.70153338040297,9.446796122750179,123.87803088991227,0.0,0,0,normal
581,46.36620855498988,39.035585492816665,53.09762777993872,46.50728195041198,105.61145044793834,1.0,0,0,normal
582,28.691225061292855,40.754866884189866,23.373726984809846,15.583294545246405,94.00681729000739,0.0,0,0,normal
583,32.58886726711987,64.82666874574596,75.65960142183283,26.530277131626832,85.65308478635535,0.0,0,0,normal
584,56.71613682443424,36.132888019983824,44.26920462055001,36.78622951494026,240.27826635430284,0.0,0,0,normal
585,45.8314042177807,53.882793175162504,69.35308617061786,15.57834521711772,212.11116390169707,0.0,0,0,normal
586,28.568384921021796,70.06991036492619,16.12416425975141,11.94622590842617,77.20468204242947,0.0,0,0,normal
587,30.985571069977993,74.88259231899148,56.97956466956837,10.597288006836251,155.94419628514387,0.0,0,0,normal
588,28.09063595403008,50.443919394411665,66.73003122893239,46.65922668337807,108.14053136864798,1.0,0,0,normal
589,21.023483330904792,61.05462689748958,33.02874266471802,19.43413667132461,154.7091778397846,0.0,0,0,normal
590,63.134551379208744,47.21266240624625,19.25803775002345,42.57723259998604,147.79234942927164,1.0,0,0,normal
591,44.119778374235835,65.90599034270295,32.533174797581005,55.012627983879725,211.82034828692014,1.0,0,0,normal
592,34.678161064476186,33.21845711589912,34.61964843999537,33.99342504539785,65.37497674782479,0.0,0,0,normal
593,45.33592847882653,41.32056331768706,46.68311963516639,32.31771951214743,110.97151475362847,0.0,0,0,normal
594,23.82227549987708,55.09544219578563,35.86161898598477,21.91629279413403,193.57480487923303,0.0,0,0,normal
595,30.829583834210254,42.80823854025228,22.717747110551027,22.64051102570216,100.80004900262466,1.0,0,0,normal
596,46.514010299285935,60.67810083257883,54.65613890500254,38.81419522445846,52.79422439460241,1.0,0,0,normal
597,44.57490608706765,46.571817148724335,14.253425983121005,50.630030174712054,191.1560296851652,2.0,0,0,normal
598,59.72298524581559,69.66945790437131,34.39569259225735,43.92363219508808,175.6379178402294,0.0,0,0,normal
599,43.155413187152675,64.96618419682193,61.72752492377225,15.019672780414844,133.28496243405473,1.0,0,0,normal
600,42.748473181360815,50.76633274362745,33.86273068389653,21.39100283391939,158.48392325653754,0.0,0,0,normal
601,56.38116522249514,68.73725363217619,33.342527631011464,49.11700772834932,139.4551678108838,0.0,0,0,normal
602,52.79472167536915,47.00237404848794,21.131557099812056,15.98152165479008,88.54127269135985,0.0,0,0,normal
603,51.9433527135982,50.502796837329974,17.150244722978144,50.09575940873104,133.6090250498915,1.0,0,0,normal
604,60.668705760909845,42.62461499131497,50.02555683420451,18.657423253311247,181.37932858396945,0.0,0,0,normal
605,55.6712415716743,65.2324101767363,10.915710421419234,39.56569235941971,206.66482551350921,1.0,0,0,normal
606,57.65030245806271,62.39865073174962,37.228982360055646,38.9814564172279,87.67364202960961,1.0,0,0,normal
607,21.784765727618964,72.22241506055697,81.70897990576643,28.681757120163475,57.983899935738535,0.0,0,0,normal
608,47.28698292432285,63.02678037202816,68.86801385723432,11.64647867681115,153.26001717732225,0.0,0,0,normal
609,40.766242283434636,74.20941822310941,30.831522918766247,38.66806797658522,85.04847458931332,0.0,0,0,normal
610,49.28927577543304,41.42528232755786,36.051941175662435,20.24715804695685,100.05787234146435,0.0,0,0,normal
611,40.36234689512226,69.69333182257104,44.148254983683636,28.520351352929254,187.65066378312753,0.0,0,0,normal
612,63.2355109874291,57.137781312949784,71.94422975624725,29.928483399851675,135.56892760845363,0.0,0,0,normal
613,67.20661127841555,51.708399792708846,64.9357030241856,28.52339030176976,105.4514132872595,0.0,0,0,normal
614,33.98702631469136,53.00592630822819,25.567683582422408,36.753364761950365,50.10183633374571,0.0,0,0,normal
615,54.62594988162241,48.9322710922613,21.52571557733109,7.086697298962351,66.60131125642211,0.0,0,0,normal
616,50.26706519381953,44.96223189251375,43.24995083627249,31.430486931873112,169.78443590028178,2.0,0,0,normal
617,36.46724965541444,38.96940914049704,76.13452881953728,39.52278894571183,131.68885383551796,0.0,0,0,normal
618,21.56113692133623,35.877496127545854,67.90843625012722,7.49365121762101,50.99062183074514,0.0,0,0,normal
619,15.355505177753296,57.10143293256428,15.2449113467648,28.45676546849944,79.1362398779795,0.0,0,0,normal
620,57.96478830606824,73.64025142329258,40.04114339989136,38.74589706105388,91.39455646592978,2.0,0,0,normal
621,38.75300996177847,60.463124143801416,27.39071734970035,45.14612049877386,50.8475699809954,0.0,0,0,normal
622,60.70949539978332,50.37799484572582,53.86579155771419,27.478534279773008,114.80963792046546,1.0,0,0,normal
623,36.16816923466535,51.73053743740432,78.06074561439736,42.012419036428035,132.37461587725244,0.0,0,0,normal
624,56.5968003506181,54.24864776426526,47.17977982292887,15.146063902689242,64.46421139289905,0.0,0,0,normal
625,38.89268928738393,43.673217852834206,22.554911261798726,20.909050649633357,104.72795204633539,0.0,0,0,normal
626,51.95897724585632,68.40229795378764,46.453692229601835,54.40618668759233,104.48538017407634,0.0,0,0,normal
627,28.03965488445208,42.16010776900371,41.34019720066568,43.149468976614315,119.52317679104789,0.0,0,0,normal
628,47.16862208142892,61.58767325260089,79.92459518810371,34.45180131874434,71.25122429666312,0.0,0,0,normal
629,56.5107900647274,61.71929797213405,47.255000554753046,30.1751633496397,93.95996193686337,0.0,0,0,normal
630,61.092469852509325,50.45095512560488,80.31674259724295,32.289852925337314,84.04819496069877,2.0,0,0,normal
631,62.36939644442481,68.6909802983332,34.338987367347976,10.268007283567997,99.91962165942928,0.0,0,0,normal
632,20.368454011867424,45.36017262898257,18.155596179135753,51.48149354683575,119.81689915542502,1.0,0,0,normal
633,37.85335418745769,70.10241637818899,38.93035616464691,44.29284732631371,59.416911377762986,0.0,0,0,normal
634,29.648698174632408,58.333787304093484,14.66597805511121,30.43887161909322,146.68594582603862,0.0,0,0,normal
635,32.60445088193447,67.06004317841561,36.225387332833954,14.738034423387344,183.17790146771333,0.0,0,0,normal
636,44.50517054932107,65.92682366495491,55.59117364262945,13.058314984029439,54.8328473448141,1.0,0,0,normal
637,50.46590608584445,67.27407107193251,22.10720982192189,15.23741377854344,75.39487437946065,0.0,0,0,normal
638,59.5713116935341,72.72895855108581,21.970432255519707,42.39527086291443,86.91863281573016,1.0,0,0,normal
639,59.84557834302278,50.92852124924265,23.93963893676768,35.147152877576126,67.80437183140361,1.0,0,0,normal
640,53.55831086497949,71.85363842251384,21.590953485064134,16.634923968101557,138.15467421191613,0.0,0,0,normal
641,54.36912491052665,59.91724709562167,70.95430892185638,42.19913975233752,81.89519977942655,3.0,0,0,normal
642,23.63334469010019,51.93442742866244,71.23835137209575,50.435848378525776,169.0613777059929,0.0,0,0,normal
643,33.74928227001324,67.89398772240756,26.22299086041381,15.406297175117544,107.13740215124237,0.0,0,0,normal
644,47.086414435071895,47.3560230203688,81.36054972218795,31.230370378156064,189.257532616218,0.0,0,0,normal
645,57.37969770081515,55.69486572740368,67.51014653741811,37.337107580492145,169.09145733250318,1.0,0,0,normal
646,23.724399822046514,41.509664004479134,75.06970715432216,14.467756142911774,113.2374473299226,1.0,0,0,normal
647,41.10788757068,47.66897956471686,32.946775619417515,29.543337869962553,149.11425401613855,2.0,0,0,normal
648,52.46001347010164,68.21227325523054,36.28033483263495,29.516395097002757,216.48557500728126,0.0,0,0,normal
649,36.0862701588062,47.97732474408344,53.00744212677562,21.534972273482182,105.64898590302738,1.0,0,0,normal
650,32.19627574483121,56.491580176525886,65.9329185931922,16.8982190835936,68.69010208534331,0.0,0,0,normal
651,60.376445352107794,41.811577283636254,63.51055805255951,48.60293662709623,110.8500377330858,1.0,0,0,normal
652,47.083751999758725,51.21100562881897,47.44925936438901,34.7392516154477,80.64015127654228,0.0,0,0,normal
653,35.08094484450089,60.17284932028871,35.571869737726374,37.930181383283596,123.87607440557068,0.0,0,0,normal
654,57.56747507858795,73.26483941868382,62.0994953223837,31.265502784984502,124.72274912057753,0.0,0,0,normal
655,40.243676032550425,38.98431405888123,63.70899261502218,45.25407510124668,134.01447508130826,1.0,0,0,normal
656,62.11581315179749,63.52624585795396,45.00377153144177,37.67612877002394,174.31402748819414,0.0,0,0,normal
657,36.01243051582894,47.807364659038996,66.83475699849632,44.527465926391415,105.59188218045782,0.0,0,0,normal
658,51.43101918898267,62.23578644130046,40.80929271189091,34.81430712326153,137.40556390170212,2.0,0,0,normal
659,29.795411134758652,51.396434031429145,49.22098121774252,26.172474658861532,89.86695502134191,0.0,0,0,normal
660,40.65481122186677,51.66409348453701,47.19677922028153,20.437363437666775,173.3112271791572,0.0,0,0,normal
661,60.26755109444413,47.23689707386617,62.53117021320408,31.731346034453797,137.94193245748278,0.0,0,0,normal
662,35.12512070056038,60.99421061825246,87.89397297230848,28.333081583665674,54.60250288957468,0.0,0,0,normal
663,21.82796067006444,55.713878695266565,46.74560647156303,13.232028208118711,119.06740824443355,0.0,0,0,normal
664,33.673998015405076,52.089047936467196,40.22426203374371,30.428678013205488,59.22885414444758,0.0,0,0,normal
665,52.6143190822418,67.9737504613066,48.48906134103507,27.734289923515515,136.98631529734158,0.0,0,0,normal
666,55.55911268170142,60.859433746387566,16.373180850351275,10.988487780288606,142.54706040411108,0.0,0,0,normal
667,64.41700915471054,45.251819510502614,30.808554038284058,23.45587628075261,148.87387009698205,0.0,0,0,normal
668,39.532542924166464,63.972750859736635,20.33891902182461,42.71155283834439,154.42354425346466,0.0,0,0,normal
669,32.60179678403989,61.93284317510917,39.911718995979854,37.0334365413995,186.75213029034802,0.0,0,0,normal
670,32.718127408054286,42.07496369757772,29.763828063408123,47.63998655753246,200.76878756953812,0.0,0,0,normal
671,46.38300482475305,60.23707931177805,36.4790768927847,33.426836937265634,143.37768994647826,0.0,0,0,normal
672,62.448074046018505,42.66844729467702,62.95524561242931,45.91219147240257,160.47346271963255,1.0,0,0,normal
673,45.515779467286784,63.97650192490336,30.974565592365487,50.30961068789289,107.760002178033,1.0,0,0,normal
674,49.19070829004232,42.12479175045962,57.22465611878555,10.881199497307385,175.2926038293497,0.0,0,0,normal
675,29.413332312747613,61.21596285316436,82.06579172478088,53.90554096242904,161.9094885473968,0.0,0,0,normal
676,62.585526456377046,41.70225451867227,55.423888510952835,10.699268753516062,75.858992088961,0.0,0,0,normal
677,37.293240503322004,51.18047506893482,29.717361242227902,32.80448029777829,101.47859115615944,1.0,0,0,normal
678,28.978508182992357,74.4920833747189,39.445383681660154,40.82172837800833,102.73336723196726,0.0,0,0,normal
679,37.53346317865366,48.4556897828839,53.59150937513304,21.91482820981125,51.33406053242475,1.0,0,0,normal
680,30.76481934308621,74.49586629108873,44.56546509252215,33.36677324066967,94.35357626416707,1.0,0,0,normal
681,30.769540831495704,73.0217131425382,25.541418649339523,18.86799164157971,69.74814465600295,0.0,0,0,normal
682,21.340196995413827,65.62579983115506,42.68699553303799,8.531693545260485,141.36078765569127,2.0,0,0,normal
683,39.51978587612172,43.73046381824153,61.56860436636348,9.860660297558137,84.52680152680226,0.0,0,0,normal
684,53.89314167309054,68.09872927384458,40.18638378066939,17.752565691597873,140.34742113118114,1.0,0,0,normal
685,39.30188637187988,36.89159439511172,60.093220867899284,15.07099707609664,144.8823989601677,0.0,0,0,normal
686,38.70275093411844,52.73387738457607,20.6120085997226,25.521901989237797,105.29067154844533,1.0,0,0,normal
687,60.857585233924986,66.30594605117716,36.46973804369912,34.66415025234241,134.8752124560535,1.0,0,0,normal
688,47.24981650065482,60.60832858344092,62.1726359063474,26.703241364208523,165.48390373627706,0.0,0,0,normal
689,46.633162281204214,54.24026759905174,30.297902723639087,41.39378670085985,201.2873445384065,1.0,0,0,normal
690,27.79237217369115,45.09232139255797,56.42077970064702,9.150635128717667,124.84424026973846,0.0,0,0,normal
691,62.34205781426163,65.15610740833671,43.53381880638981,19.878506159360576,36.124754124623436,0.0,0,0,normal
692,33.37837104519144,65.8514745315593,38.42942817116223,43.03372999609469,66.39658843492845,0.0,0,0,normal
693,46.02651641896277,52.913227096008484,83.122199340968,49.32427256019122,197.9814104508661,0.0,0,0,normal
694,55.43205036202072,65.13118950485142,33.345395835469645,33.57276671905215,181.10318617364874,0.0,0,0,normal
695,44.24603384724036,38.005402477750486,25.943859460837217,12.063138357890637,167.51419911325254,2.0,0,0,normal
696,60.36586878041131,45.28998854258981,85.83623217327789,48.764937798006756,145.16974419483842,0.0,0,0,normal
697,51.8803503277163,58.92619354257788,70.32699445066594,52.07729296065565,81.45979064995244,0.0,0,0,normal
698,46.8427201540602,70.42754309096595,58.87135430607389,29.772894371551992,91.76289988020912,0.0,0,0,normal
699,36.366201374086806,42.563287637579805,16.319178930967883,12.299511145893756,152.18985712846776,1.0,0,0,normal
700,33.16287989072687,39.05489189440107,85.97583444341537,44.25410113115742,367.9725499612153,1.0,1,3,network_instability
701,37.53251735632324,43.35423936702246,157.8917724784088,76.77951700899871,203.4610173562707,0.0,1,3,network_instability
702,26.93294081939758,66.7533833981872,102.40070267397101,98.53082777495374,328.4501701262414,1.0,1,3,network_instability
703,58.13029300082936,46.67310619966863,127.34836185510714,88.18961048968444,263.9501803664068,2.0,1,3,network_instability
704,28.45766782889771,53.80209621233746,121.47608990060962,103.4495414089657,328.5620051162082,0.0,1,3,network_instability
705,46.52506958404771,77.4484950437935,105.34998382688752,101.3578804588992,223.91903757872248,0.0,1,3,network_instability
706,57.009059699342295,34.785719534011,70.91612330469883,99.63152350164546,353.39283857551453,2.0,1,3,network_instability
707,53.978286724453,58.35414160903899,97.68782936618074,102.17060968391672,228.2596828289427,0.0,1,3,network_instability
708,34.61524678102856,56.188840846462845,133.79930071778742,102.34259226965042,249.1802107350339,0.0,1,3,network_instability
709,46.54941979487488,67.7127682551621,148.4108907109776,90.50274967484587,373.7027264528187,0.0,1,3,network_instability
710,64.7961701093722,48.80506501365921,118.22682876638372,88.26266315376486,240.61640185917736,1.0,1,3,network_instability
711,47.63483868835706,49.270102207614904,86.75084544029036,91.42393866239834,349.9251131629195,0.0,1,3,network_instability
712,55.02313593736306,46.02382329867313,122.49066591883951,130.9128625440991,302.7725671287946,0.0,1,3,network_instability
713,53.66448115764192,60.476798310143764,98.08381918666353,121.87096282583019,372.47821479346896,0.0,1,3,network_instability
714,50.971952938061946,64.97127929455542,149.7423619392631,73.99991911091097,303.0574126190884,0.0,1,3,network_instability
715,28.830928412714147,39.086190456775995,108.43044007164681,95.16227234993673,276.4042686624893,0.0,1,3,network_instability
716,50.98051259862349,50.52560521956343,157.37401690511643,75.49272004711895,253.3529176919838,1.0,1,3,network_instability
717,25.102752729031895,68.01278187682381,140.9190364694589,94.00737724296596,271.63658907632373,0.0,1,3,network_instability
718,52.267739699874966,34.64252986380025,107.02132546274329,67.33918296140021,319.18498989303254,0.0,1,3,network_instability
719,59.655712316066115,45.03883506929639,132.37158609571694,84.48070631952586,309.0792553687452,0.0,1,3,network_instability
720,45.10107281541195,51.05583384978821,83.84153740009123,88.71970411028839,230.666774412095,0.0,1,3,network_instability
721,40.35831770613548,46.99741124516867,182.1904374862038,103.84323931324205,280.18162741986623,1.0,1,3,network_instability
722,28.5359364570975,41.19011156801632,133.91298172383313,103.24463410534341,243.9042968622845,0.0,1,3,network_instability
723,59.866735540294584,46.813342108781804,92.77653092239649,79.50222392972587,242.2601929674202,0.0,1,3,network_instability
724,21.449994365196588,41.2915442864559,154.03140619720185,111.10948854243767,237.5976155134639,0.0,1,3,network_instability
725,19.740367606739348,56.27365966443806,122.10368630814229,93.86704148606195,184.41689746642334,0.0,1,3,network_instability
726,31.34515448442651,63.47793097884277,117.32702080361256,81.13523521109346,411.59974625633356,0.0,1,3,network_instability
727,21.25997747402309,58.34831022619917,96.58923206089176,111.5759910256874,263.10778212206105,0.0,1,3,network_instability
728,43.4855617591887,31.566606171519403,147.82850812598514,122.85456164044872,239.9548199158778,1.0,1,3,network_instability
729,42.42543939085219,63.33829378290052,85.12082248521071,103.68048945104587,338.11319548260764,0.0,1,3,network_instability
730,45.65122416124908,46.569677809940536,86.82773264677097,77.58233037485884,318.34741510131045,0.0,1,3,network_instability
731,18.742560922446916,61.10585374421404,136.15858666483672,104.52807267965179,298.75545855517436,1.0,1,3,network_instability
732,28.938547444808275,49.91512752444409,170.57848090897102,105.8061662718292,319.73698139383083,1.0,1,3,network_instability
733,34.53336302557445,62.914641057246556,134.91603065254736,99.31003536263808,322.0193352251127,1.0,1,3,network_instability
734,24.117532671530732,42.15993435401653,68.47605252313828,103.34439559148574,312.739066749768,0.0,1,3,network_instability
735,52.168266917758714,39.24172154099641,160.1855203501226,97.69945754701217,288.765126556738,0.0,1,3,network_instability
736,22.659336161495332,55.24565731255822,70.60822386913826,94.13785011831455,420.74560257535376,0.0,1,3,network_instability
737,36.71516721849765,35.412762939884516,100.95266280897366,81.8399661604613,290.6791429386182,1.0,1,3,network_instability
738,47.06666093622057,41.35702423036063,132.55325417279877,92.45208140262372,377.960999954524,0.0,1,3,network_instability
739,38.54563212929155,59.5049737283318,70.10827317504592,104.76059777736253,266.10102955981023,0.0,1,3,network_instability
740,24.80565973421406,67.99866172469456,124.95486846514426,95.52551772382502,303.284630813672,0.0,1,3,network_instability
741,32.287501612449496,33.29825816038465,129.35590306509056,89.67050801911574,386.28273216023564,0.0,1,3,network_instability
742,57.56476854952714,70.27555150388667,130.22840810438777,103.06817912044647,415.2281293354853,1.0,1,3,network_instability
743,21.440481746350393,73.49514288923787,129.03175320890261,83.6667417167787,311.15042384035917,0.0,1,3,network_instability
744,34.943748617627996,72.55788198206466,166.0261146380096,127.42776330261337,349.3492132657533,1.0,1,3,network_instability
745,45.869043137868225,63.817185843836086,124.86849768352053,94.42311921848818,360.8425605928842,0.0,1,3,network_instability
746,36.60109280150992,60.43930079853514,186.12754501912747,99.35549963025102,318.27403764005004,0.0,1,3,network_instability
747,36.93734540030533,48.922471452783974,159.62878797471902,102.62299929376543,401.53297929154076,0.0,1,3,network_instability
748,55.46963234217415,55.88462979195205,140.47449855337862,87.18760529163438,283.88873437656105,0.0,1,3,network_instability
749,55.05842682137353,74.35776515097234,158.27456186462274,89.00327891694718,308.78034068391463,0.0,1,3,network_instability
750,32.0502372121479,35.40161181629399,99.66102932332845,88.78608966544786,153.81694993709863,1.0,1,3,network_instability
751,39.07978226314403,44.287822819351504,153.54643239992035,87.71093933025973,388.45968041287404,0.0,1,3,network_instability
752,28.105784475837932,36.1612475167828,147.15417514666868,110.43658399646438,195.8209603193065,0.0,1,3,network_instability
753,47.14879716633764,68.37106810122188,101.04966017250078,76.02539961952738,296.853113286133,0.0,1,3,network_instability
754,45.509589653878905,47.90031243632061,69.43694148077543,83.53273207794295,219.2193370172894,1.0,1,3,network_instability
755,30.254309385115764,60.63735660870327,141.1700776320697,90.2247564910887,245.11310148361554,0.0,1,3,network_instability
756,44.701214458460974,64.75021421615675,141.74671282719126,83.98902406376155,235.32132554032873,0.0,1,3,network_instability
757,65.5098037501357,71.20195418372286,79.39903776951556,97.05150856900688,216.9530295377907,1.0,1,3,network_instability
758,26.123187563860082,37.91772523324961,121.5176983068766,85.26162068830888,195.97440027993218,1.0,1,3,network_instability
759,38.463663347577786,67.34258487023256,131.59417462799573,127.96830235268241,294.35148975908294,0.0,1,3,network_instability
760,50.145232437071535,68.60053885398338,140.567770186267,105.89291820591185,208.748975019486,0.0,1,3,network_instability
761,30.11626172064175,35.22429917035347,108.3497719686697,108.55087121780997,353.1498498646733,0.0,1,3,network_instability
762,25.855053729577666,65.76446009934958,118.10941008337664,83.68489214971909,259.97638019791185,0.0,1,3,network_instability
763,28.97973114703738,47.57789402316319,146.7974412994067,81.5170291280016,191.4054717304668,0.0,1,3,network_instability
764,60.44959768489057,58.92911035344576,91.15129891582629,85.70403747788481,225.7815165141324,0.0,1,3,network_instability
765,23.33789083402448,55.798278908265104,108.04555978470796,106.41104439373646,358.6045079782507,0.0,1,3,network_instability
766,25.594964049894024,46.22428361413837,125.6619683369087,71.20126251352815,281.1202803117362,0.0,1,3,network_instability
767,23.02029754742245,38.802633981633626,163.24631956353636,88.09000340501922,300.86026078973407,0.0,1,3,network_instability
768,31.92367491843552,38.75971265042989,107.18020508202741,124.90296635134415,312.6535290783237,0.0,1,3,network_instability
769,43.17763427492738,35.63254361913968,132.151829809608,103.5533495982437,329.105775276191,0.0,1,3,network_instability
770,32.75733430340632,56.77955247588953,160.88314115475424,77.19770587317561,313.9266926436442,0.0,1,3,network_instability
771,43.344466302143694,50.21887656188195,149.5804804213317,82.03134915441888,341.6429039536098,1.0,1,3,network_instability
772,47.91321702823749,43.860163715868765,106.32302942668858,98.33073696697907,268.2654800822892,0.0,1,3,network_instability
773,56.28788059932389,62.90629902348585,127.92858987688024,138.40652774219788,231.31423117198827,0.0,1,3,network_instability
774,29.969230376373634,62.18654567683524,150.4627033757882,102.17911728950502,205.9595316265723,1.0,1,3,network_instability
775,60.03611099045569,55.58034152172477,158.4393781592035,96.89241886882145,257.2895403002654,0.0,1,3,network_instability
776,43.39755079397011,73.36754834710234,101.48424679621223,86.48876691174777,348.0379606148672,0.0,1,3,network_instability
777,33.0796514906531,52.106895540725205,63.290290981794016,109.47226608164414,252.72322442014058,0.0,1,3,network_instability
778,51.70888810036311,70.05820286634366,101.3219920071613,115.59213303320827,279.94081565541813,1.0,1,3,network_instability
779,55.80667618611329,36.598242569449894,105.64012186731944,113.82483082593217,356.56267573466414,0.0,1,3,network_instability
780,35.32581543059478,67.65422195126669,49.35784483473399,38.32513949901545,67.88171392997786,0.0,0,0,normal
781,58.689757557186695,74.12827859847415,48.90110595108497,57.78126750748916,101.45807924760481,2.0,0,0,normal
782,45.65972047723814,69.67105722921006,52.846669815761985,40.90608598013215,112.0452343925755,2.0,0,0,normal
783,44.95393792727928,57.947852444907014,31.468795346389726,21.40324654078373,137.75717879475474,0.0,0,0,normal
784,60.830195134340286,59.73166269553895,67.33081756586769,39.67924698950197,202.35072104800759,0.0,0,0,normal
785,35.76095957137554,45.84932600672691,66.80026415428131,21.085493071645256,150.7951723332014,0.0,0,0,normal
786,54.193818839384356,63.21346124535863,42.84150072282028,19.744442597250128,103.90199425905364,0.0,0,0,normal
787,41.06773093532964,73.286698511976,36.117230277344575,32.659680460243884,89.36325162658248,0.0,0,0,normal
788,58.42372606410085,72.7447540203439,27.82597310402791,22.166144012636195,68.70003867156893,0.0,0,0,normal
789,54.81413257055399,53.85650082629216,49.000998569048406,49.42998666063435,133.9750194492062,0.0,0,0,normal
790,41.674804624613074,35.063546837895906,71.61145595831077,53.858425425414154,109.2195768666889,0.0,0,0,normal
791,36.393175623840094,56.32525832455361,78.58352140629204,20.516937886658994,166.96462062398655,0.0,0,0,normal
792,36.94710188385162,43.354314433642756,50.731177472570344,40.055535308027395,133.22479340825225,0.0,0,0,normal
793,22.384534456640825,41.736688689062014,40.124014919473,24.809921403342926,177.3101008107614,0.0,0,0,normal
794,22.05296709299483,45.69895503213041,42.938851393716114,13.636370368676749,42.28109930914335,0.0,0,0,normal
795,35.313816175264556,58.453716454742526,68.08230886191113,21.13712802107354,158.85752534622284,0.0,0,0,normal
796,20.512746416146367,39.05948978151327,52.65682640031395,18.333339209422576,38.39193323074881,0.0,0,0,normal
797,26.396961211677343,35.48991819483406,62.79310998027719,25.877450663393546,95.85790765635936,1.0,0,0,normal
798,52.42019531995374,37.68398379758889,17.70049152147561,18.18800833613726,179.49455222608253,0.0,0,0,normal
799,47.45177575379788,77.32368911966718,14.700294291253424,6.593037566599545,174.54454520735067,2.0,0,0,normal
800,56.91172329484584,60.640180593290864,19.83245719990422,15.799797061714637,97.01721059790091,0.0,0,0,normal
801,33.02011269552909,30.60258482573435,31.143829803279555,43.68646902210992,139.58744290561776,0.0,0,0,normal
802,70.84905416509339,37.84169121881378,78.3697383924723,13.821216313870865,159.7497472158637,0.0,0,0,normal
803,45.962684117280325,54.18119698221177,44.67752139077358,25.642318425202305,171.06915038428704,0.0,0,0,normal
804,29.34912423753327,49.21941684312906,38.048853804942404,33.82643814003525,142.74341399353492,2.0,0,0,normal
805,24.592381720357224,57.04796687390731,44.16076237350781,21.82845195482851,92.46797010502468,0.0,0,0,normal
806,58.57818410969862,49.51871995999027,60.74804942198534,33.30973499237479,156.23096100722455,1.0,0,0,normal
807,35.430760180894794,70.43362982517311,36.04539836110163,9.108445687470429,65.341389664985,1.0,0,0,normal
808,45.51937154622618,47.82569088126328,24.864663359775797,33.67273170239599,69.29775868733557,0.0,0,0,normal
809,58.328768842030165,60.52855284528877,49.69627404073199,37.36926574885843,162.86324156142211,2.0,0,0,normal
810,25.05297170023206,34.72199835636285,20.351606230755333,42.965592978356206,141.55240594220095,0.0,0,0,normal
811,20.232467891833256,71.6929265586204,75.21897777788607,38.37718363655969,69.0881636324105,0.0,0,0,normal
812,69.6328043311137,69.47473316283144,20.16541982747252,26.332266809025022,182.86688923458482,0.0,0,0,normal
813,50.68733229277931,64.81907996753844,52.31564845352008,29.53881865400603,162.9700937755122,1.0,0,0,normal
814,29.52815517469147,47.31831908100819,70.65492022580816,17.285254549177658,160.9523390306219,0.0,0,0,normal
815,50.22158533717446,41.54237320999391,31.07228772906142,34.19205299245162,112.02660899207488,0.0,0,0,normal
816,55.361548090471565,68.85880923641082,20.40649115233704,8.208709709921113,108.43581832274319,0.0,0,0,normal
817,48.2840610508545,64.44830873467903,78.53834632999812,22.959908609486575,49.548562861257466,1.0,0,0,normal
818,53.81321596132288,44.73912330139713,35.352348846234776,29.909541780847068,100.63803823584624,0.0,0,0,normal
819,39.45916690600358,51.948474748134196,60.925009384322344,12.779613928218506,67.5516212085335,1.0,0,0,normal
820,19.75273584591438,56.121196055627955,19.695881461822015,12.294465771518896,86.33876825295616,0.0,0,0,normal
821,49.09391358288619,69.93551958921775,22.92431764433719,36.81283876865608,101.67451268036129,0.0,0,0,normal
822,39.962268594042236,62.80221038610608,56.29503051134034,34.034614723746316,90.04777088683785,0.0,0,0,normal
823,44.026499604085096,62.624339073542835,80.74445509261092,40.54726230342105,205.9476090832599,0.0,0,0,normal
824,57.538189012211106,62.364367565741865,39.91465488479041,49.044683730293876,188.74186553300302,0.0,0,0,normal
825,25.94679134980839,43.625412635258485,71.88954294111042,48.57232997802255,133.88852685688505,0.0,0,0,normal
826,46.75549264804216,44.966753658107365,64.40700123097703,26.026570509256178,189.79414115782708,0.0,0,0,normal
827,25.977574165869285,37.22257779499612,25.32827913861258,25.155377344139275,87.89762748342224,0.0,0,0,normal
828,57.79274747585714,67.25591312497923,39.88709602444693,42.43974542071936,116.45109301376056,0.0,0,0,normal
829,32.982358541453046,54.736344580208254,19.88293593595987,34.610511223094875,185.98045336114933,0.0,0,0,normal
830,47.98851571122571,48.870570458367055,36.120574528400894,34.26349195252254,122.61704857191356,0.0,0,0,normal
831,44.042747901884184,41.24995741951358,54.21234961219227,19.006523022973994,116.11630390533881,0.0,0,0,normal
832,38.234611389404094,43.91679205730047,43.720461855560146,17.25396968485585,99.5588448334098,0.0,0,0,normal
833,51.111005414603845,57.46437621620191,33.611381842475495,23.099235374817162,154.89901977577307,0.0,0,0,normal
834,54.9706038084962,37.814835776433654,64.82960369535239,15.694947061045372,162.6125107379724,0.0,0,0,normal
835,45.634804761348796,37.868678553881146,61.79061149854048,9.166118775021438,116.30991960811234,0.0,0,0,normal
836,52.87829377391816,59.32302789426907,57.42294531058054,45.63609918639578,132.41488994936824,0.0,0,0,normal
837,63.89109919273533,46.408007720634515,47.76006117145573,10.490661870366928,108.60451565603348,0.0,0,0,normal
838,33.277231812451475,53.454467474552494,31.15450190087048,38.47094993942047,135.4334891991288,0.0,0,0,normal
839,46.68646258432707,56.922368314053,56.7381849901409,43.56674158822156,86.31705858769378,0.0,0,0,normal
840,24.696542729156693,63.15482383090787,40.19555525759239,24.11715109508422,165.116834793979,1.0,0,0,normal
841,56.204916358805384,46.0503012253546,41.57849559539234,39.39759757099034,168.34991024642412,0.0,0,0,normal
842,48.86213991221761,64.65931601954955,5.0,39.65022802986104,93.89920187552723,1.0,0,0,normal
843,32.72219509422962,77.14047441392644,70.46107765636935,29.446188622783243,174.25295791654548,0.0,0,0,normal
844,20.087543044139977,59.17612099351877,59.8049608026403,33.31052396264894,25.749161537357892,0.0,0,0,normal
845,60.90647224830997,50.06159117798115,34.47182540417655,41.65750986163241,112.0503720184931,0.0,0,0,normal
846,40.001822181108196,68.78776560125517,85.98372251196876,41.60031976420444,128.960217261302,1.0,0,0,normal
847,52.21897170113654,51.42652733190065,71.33246588716283,45.10044656299902,142.3686710654357,0.0,0,0,normal
848,28.36645795403625,52.983695971225,22.668917768738538,49.8602610908705,133.07662990752453,1.0,0,0,normal
849,65.36439987860102,50.82489764757004,59.97499228430851,22.03026428088429,208.93405127169555,0.0,0,0,normal
850,35.11822584483772,46.44519516009477,51.73038395761159,48.89618120058404,114.6683113070858,0.0,0,0,normal
851,34.17260889178573,33.446218136220836,83.60513133656721,32.47086304081743,103.67498184052312,0.0,0,0,normal
852,57.57600058869021,47.68777887817949,30.908558682362724,43.57095883058855,173.74986697302185,0.0,0,0,normal
853,52.33755221521963,41.736879310628865,41.12438729716693,40.813387804021986,89.25817306414177,0.0,0,0,normal
854,35.83284113308057,50.537942768957734,48.72827736366739,42.90535194305148,41.61681201247987,0.0,0,0,normal
855,47.95395019186349,55.595031626879084,32.75897201684199,51.380909391221174,213.60145424780353,0.0,0,0,normal
856,56.198029830449116,69.26219837628312,69.38188148120076,22.605240694003783,174.7156749688147,0.0,0,0,normal
857,55.90105964296204,35.071925022088294,63.17946722927135,40.96327827901412,178.59581213782434,1.0,0,0,normal
858,42.14728537616324,60.05167576137984,31.65598113226434,13.717350623664984,84.62434695868617,1.0,0,0,normal
859,48.41789830582295,55.55315608538838,50.44174539129478,37.80942128392243,78.59715936385173,1.0,0,0,normal
860,60.20392141198574,27.23500507587516,77.53890614726717,33.22876080945021,110.0058661260325,0.0,0,0,normal
861,50.04599936919998,41.79164351476039,77.6352722844928,43.99266197047998,233.37274176906035,0.0,0,0,normal
862,54.72258686286685,39.52669882075909,45.63283829967994,31.63257457578449,68.81532867066147,1.0,0,0,normal
863,50.101440950234874,42.69017648137093,32.83957686166637,34.696591268294696,77.21217003870758,0.0,0,0,normal
864,28.73424415794364,46.512938466016905,17.6873948344171,19.149601386810016,39.70651177464815,1.0,0,0,normal
865,56.01462122691651,51.179874273667515,68.70859422724284,12.252978009909306,176.6726240102088,0.0,0,0,normal
866,60.61136671294794,54.576972150575386,60.934885818720915,18.29859507237341,179.48190443163884,0.0,0,0,normal
867,58.573543967993984,32.79404016909391,54.05080925595956,51.12602866992464,144.54923012506447,1.0,0,0,normal
868,28.68635067175319,40.07826995594313,86.5149251713775,15.115896648244403,98.02781496500481,0.0,0,0,normal
869,33.39923439197695,41.533882473820256,26.079276945737607,53.15627570615822,151.07126835950277,0.0,0,0,normal
870,53.05919099756316,54.14091217179261,56.651778959006016,21.462231329892436,119.72043673495837,0.0,0,0,normal
871,31.193719526142093,47.32957464661892,25.156978956741543,40.761050213163074,87.13501957038076,0.0,0,0,normal
872,59.92621661344048,56.84593608338399,31.048912970503018,37.286932082944816,134.76929145615173,0.0,0,0,normal
873,37.101504163172116,47.91898487661049,53.717257792260476,41.61904886192076,143.94778941810893,1.0,0,0,normal
874,53.18644340174304,34.43824938879445,41.65640454484998,36.18149055981757,91.35669902243903,0.0,0,0,normal
875,63.393659650325304,74.90609601884275,77.60199385952998,33.43392882085355,213.7063073053356,0.0,0,0,normal
876,34.175702845625146,42.40826305735483,43.80816528685501,50.663269505878944,93.42198376963168,0.0,0,0,normal
877,31.909112544924888,39.26808712349672,65.46819537329205,30.928825861891752,118.6511673566335,0.0,0,0,normal
878,40.588731124991,39.61971612317534,69.16007242112927,10.129824731233601,130.0948161562582,0.0,0,0,normal
879,47.765355850935116,72.65889994358625,74.78562484945752,23.498641421962823,142.77487492623038,0.0,0,0,normal
880,36.29237583616571,58.338940204072095,80.06016720071293,46.93918765213177,51.82751574491746,0.0,0,0,normal
881,46.93778979463667,61.37931764988452,38.30606473112432,31.486117765137266,156.2835063860591,0.0,0,0,normal
882,64.47076754222662,74.57095799250773,44.14919523482982,36.31109856366939,98.26016896205272,1.0,0,0,normal
883,40.554439381932475,38.658419898495794,22.861267336613572,30.483203127501554,132.72697940666183,0.0,0,0,normal
884,33.21481532099871,70.02436517055206,25.35865022213435,27.620411608285785,166.79179333012434,0.0,0,0,normal
885,38.31588768431326,39.68305563003593,80.21556808549359,44.01067487824483,145.82520663123827,0.0,0,0,normal
886,42.88273656411049,65.78320061681237,54.3437557070941,46.90598009784941,91.69208470206398,0.0,0,0,normal
887,31.57985999044083,50.7048654362456,36.4642925209143,39.4166396445751,99.79045956048422,0.0,0,0,normal
888,28.18712523748376,47.47375655235205,27.30442981117434,40.66240736292303,111.27337186824133,0.0,0,0,normal
889,51.152875922145284,75.98803063594639,42.622825170322066,53.746367942972334,132.9529363084737,0.0,0,0,normal
890,42.20408375923809,41.26453478366092,63.71696232971162,35.87453990536875,221.78759732122802,0.0,0,0,normal
891,64.2244431552487,76.0722251936433,31.14923148445613,48.537883452214054,153.37252393295273,0.0,0,0,normal
892,28.616021583339773,49.21086121781734,61.43396033666627,25.030203890739198,193.1062647089372,1.0,0,0,normal
893,31.04445244887842,59.45997688381176,69.90315721314192,33.58878289337696,61.23404237762703,0.0,0,0,normal
894,50.27174003026536,72.67751014184253,72.39833627827635,41.4728942409127,179.75986667748523,0.0,0,0,normal
895,65.36649435655883,32.63082750426311,35.47304466941998,32.33667111704863,91.13472542939846,0.0,0,0,normal
896,39.70092963422361,71.13079228874794,63.95236754490773,23.5198474266866,111.87943100353948,0.0,0,0,normal
897,33.728065969492725,58.085554645301585,29.872686864777766,33.477710555973864,43.74303119646726,0.0,0,0,normal
898,32.54957676858826,68.21726486062936,37.47712903474429,25.164604130976386,50.06994322002127,0.0,0,0,normal
899,44.53936303055081,40.720364550469576,66.8355223768249,49.46585573289992,155.51199406224018,0.0,0,0,normal
900,45.950761455470946,48.83296610661038,57.102604085031544,21.09192312963098,170.16404331679288,0.0,0,0,normal
901,33.399480916333125,61.16359229065589,30.286032522286497,26.012691529286723,115.68478243654893,0.0,0,0,normal
902,27.259204162136626,60.978404694832186,76.64413236222603,34.56754763659187,143.934149461171,0.0,0,0,normal
903,47.26239107912903,43.31350582919739,15.953607198977519,29.722390583409002,160.2836322093661,1.0,0,0,normal
904,60.64606773132198,41.8520961719973,48.20930585863467,12.496805085311426,152.4945471840457,2.0,0,0,normal
905,48.16099707014375,70.47403118303163,84.2698573580055,33.52385110548394,189.37506502941284,0.0,0,0,normal
906,39.5728003422469,33.68279943864129,50.50971430214861,31.91131385177796,139.55666100605922,1.0,0,0,normal
907,24.704791976679953,58.82806057899192,59.2397939109069,11.129485746536778,161.7665947067095,0.0,0,0,normal
908,27.32387037621748,73.47049337087887,59.248638736569454,35.791233042709855,72.10320994043586,0.0,0,0,normal
909,39.25527313904383,35.118899161987244,75.15323471806613,33.44812320630928,208.9877449171055,0.0,0,0,normal
910,62.377800272620455,35.37536080549741,75.61172832612381,49.048666073610704,44.86916127501247,1.0,0,0,normal
911,65.324747664466,58.07329416410947,60.58705599770304,21.038846372580483,96.71836901540377,1.0,0,0,normal
912,54.12133618815148,36.99064007296099,27.274509196752476,18.44558985464435,191.0626343961406,0.0,0,0,normal
913,66.84716301625497,56.93207982626749,59.83593776746879,48.77613304666857,90.86183504340096,0.0,0,0,normal
914,69.55309272387552,63.11443795588052,32.47554350542519,40.5949101012727,93.59524458677686,3.0,0,0,normal
915,60.86772538776461,54.45684894263713,84.43372834333131,7.31866437036943,109.04432370183855,0.0,0,0,normal
916,27.85867534271557,51.32972936650258,25.65732535856383,48.76122516393299,139.98737606217992,0.0,0,0,normal
917,22.065169233893528,58.92501454828498,30.103300959812902,22.319758634976257,186.9992268834117,1.0,0,0,normal
918,37.83560573094789,63.28998002636571,62.82512443253434,44.37714264840132,181.38241807605465,0.0,0,0,normal
919,42.45669124483959,37.75321203062183,37.16227082439681,35.820065218256545,127.35875776361675,0.0,0,0,normal
920,29.277655619865232,53.84775893225416,35.23911998635681,47.74000215678732,209.1921993029084,0.0,0,0,normal
921,52.19206662333018,71.1334010946526,64.42187317405401,56.495124830937996,164.64651347930584,0.0,0,0,normal
922,51.45168006100275,66.27603118211091,17.16224008584675,16.916102034309766,196.97837664992343,0.0,0,0,normal
923,50.40762679379496,54.431789404102396,22.25590124115572,45.67333759929348,106.7305803694193,0.0,0,0,normal
924,28.099733487830978,49.17193787532521,46.98754270755816,24.335875299378962,93.60871665971919,0.0,0,0,normal
925,30.207528650366157,38.11305908252209,31.616027714525902,39.44743718457585,26.347089896375557,0.0,0,0,normal
926,22.4183888290904,41.33588994801557,34.004451982967424,38.414913054340246,44.993800551505025,0.0,0,0,normal
927,57.64667217549123,33.61205507875694,23.916175000213208,8.354775065280801,165.27466931495087,0.0,0,0,normal
928,45.68273866532231,70.46930754105475,44.96773704047249,5.9710660265321245,82.88601868973853,0.0,0,0,normal
929,47.84609945139312,39.70816018181899,42.6955260821657,15.10408919316804,140.00299715158593,0.0,0,0,normal
930,38.303389541649715,68.45028446537414,25.507531417525755,12.890013696670763,165.89424944565516,0.0,0,0,normal
931,37.705223956072494,38.03126132593526,61.55956976409263,10.24876814262922,38.622329195576995,0.0,0,0,normal
932,36.551254742480424,46.962708004393036,58.305619566520804,53.068006237450774,119.04912701347624,1.0,0,0,normal
933,52.847309247199604,47.49062451247138,25.675704461686454,28.85842523832581,142.55905242862318,0.0,0,0,normal
934,59.84933766270118,48.53537562601447,43.30096511943166,47.398671759456505,202.82064435166325,0.0,0,0,normal
935,35.35928887558216,65.14298480350556,79.66278226747406,52.97031624209224,68.02834221910388,0.0,0,0,normal
936,61.82145002353,77.20758292156887,46.70392919490387,42.819489265622146,215.9113142690419,2.0,0,0,normal
937,31.98763357160687,70.66793603277112,38.47446976227127,31.280393925579865,154.28850934781548,1.0,0,0,normal
938,55.891235471398254,44.54046335689269,45.59801036830381,49.17886344498903,153.4414199761645,0.0,0,0,normal
939,28.840306228900495,63.49560690469603,33.95232573492176,49.43695621200602,120.2913528996228,0.0,0,0,normal
940,35.87088176799833,40.78630655292096,71.4036265351316,38.893386518198945,161.67615546941434,0.0,0,0,normal
941,56.684795408723375,68.29698278813522,85.5065411822711,50.242984800784654,159.75494303556434,0.0,0,0,normal
942,33.63151623767317,54.184327298509885,86.34790272996872,39.34250268076164,85.89829000792395,0.0,0,0,normal
943,38.135983433820996,47.383930854034375,37.58543023052421,32.73920232025776,179.15028189732703,0.0,0,0,normal
944,44.75365482886952,38.823445231306295,43.7050621312337,54.386191078479065,166.93181371006685,0.0,0,0,normal
945,36.742794007053554,31.550854950623098,19.746630808715267,28.447619609345736,126.65001902348892,0.0,0,0,normal
946,41.4711685306512,40.407327695477434,39.12989235099657,54.52816592781349,171.25800511155057,0.0,0,0,normal
947,63.54960879012862,64.2765581841303,34.38620180284952,20.646876237105328,150.68368572513108,0.0,0,0,normal
948,47.53247533281186,63.461448300378734,49.163003606369294,10.926335485443694,180.64868104567032,0.0,0,0,normal
949,35.853689727237935,75.41923000004432,26.29541991603371,35.72856675361452,175.5039710085431,0.0,0,0,normal
950,50.085407908543594,33.98496524881507,87.05620649950555,17.82922096423566,58.138692273092815,0.0,0,0,normal
951,33.4221092536163,54.33778120146687,24.736414966682478,48.9506460095184,46.20327750248497,0.0,0,0,normal
952,28.68711613212765,50.41871467492981,27.34831700203867,4.759552773479782,91.93593369782955,0.0,0,0,normal
953,26.840214267210282,54.57318008135153,75.67453987574599,47.10740929786963,164.97038457507915,0.0,0,0,normal
954,66.47838341758306,48.551333450032715,78.72070306518091,21.818265201871927,114.03620459991033,1.0,0,0,normal
955,52.60853502202864,48.04057344923579,40.715318278022195,52.40881925332337,194.50346117438772,0.0,0,0,normal
956,60.39031293695576,59.72139047032774,56.59986119063068,26.993867489779973,131.53661037664114,0.0,0,0,normal
957,45.27105245534001,37.550783782957424,22.756746531217356,2.5,145.68284316934182,0.0,0,0,normal
958,39.644735298705136,52.8621584391862,33.24065184693293,10.23986018556722,168.48566947266585,0.0,0,0,normal
959,43.652366358089154,55.97280879320621,44.762688686067726,31.684614770838095,137.80877603088362,0.0,0,0,normal
960,42.193823178677,47.266236504043135,35.6408622440149,57.874325590867976,87.57703250230298,0.0,0,0,normal
961,45.65242419134172,67.24414504302936,65.55848692004588,57.8749321905934,57.438932826808276,1.0,0,0,normal
962,33.00990455473405,51.895467321555536,37.029778932047954,27.2940046895366,61.71198273938699,0.0,0,0,normal
963,22.964909579237254,64.47431631084918,68.01224724250737,33.11849880869693,78.83066265585941,1.0,0,0,normal
964,61.295620159749994,56.486235794673895,66.32715961686704,8.351124266020653,112.41171387971127,1.0,0,0,normal
965,40.65348773407692,67.28281937817145,26.1836748201617,35.685530839615424,142.3453515543618,0.0,0,0,normal
966,68.13226087004504,70.742581342964,17.540953453079013,39.334163739265826,107.54333648774286,1.0,0,0,normal
967,25.977678635898716,68.41174852452106,50.3012253551281,26.113545567584367,35.60066654832539,1.0,0,0,normal
968,53.433578500337404,55.42294796134374,78.34307403043597,45.85798886590361,90.46002259738631,1.0,0,0,normal
969,33.020511175993825,39.26290957267752,62.60846782138043,43.560931132044985,105.89191082319532,0.0,0,0,normal
970,30.329646619543713,38.09805955905198,75.83106694116555,8.33908270158377,198.9261591882311,0.0,0,0,normal
971,23.34808641441004,58.15592850852133,48.436920307734155,17.187953295226922,112.82474655473236,1.0,0,0,normal
972,26.411657066534648,35.560223771742805,29.89739180302838,19.996409103117514,56.88965202623263,0.0,0,0,normal
973,56.44046269710581,45.180863829509896,57.06178746669651,15.493486569394372,145.43326788643688,1.0,0,0,normal
974,38.11062709821477,38.48380681252293,39.41124023469642,16.408226280849004,165.02258539225917,0.0,0,0,normal
975,44.28850627381629,57.799753334076385,77.70074268900261,42.15148198704714,182.0830840515301,0.0,0,0,normal
976,34.75910044461817,40.345150381809255,35.78899998475788,10.095590712055785,166.2172866196581,0.0,0,0,normal
977,39.38434392641844,55.99642728861615,35.427475391951894,38.954436536362046,203.98224827851953,0.0,0,0,normal
978,38.9540188681712,68.52210452795084,49.04797495827486,45.70911549073509,168.55859248624336,0.0,0,0,normal
979,29.37591431234358,67.80777010913908,52.42111241141299,50.15013723832266,194.9660996803157,0.0,0,0,normal
980,60.807744386369635,49.94681290000905,67.00330332011833,34.69355078073916,53.9098967901582,0.0,0,0,normal
981,54.15245046005127,59.23340795619654,48.128736768280895,18.593552523315637,185.92015578177967,0.0,0,0,normal
982,62.578437715621234,53.16514419631301,82.00032282691926,13.086385120772388,198.94480758294358,0.0,0,0,normal
983,43.89101814923638,49.527820663793854,74.01877371970573,17.21006246531866,188.59622599672628,0.0,0,0,normal
984,32.01656892103477,58.85793350076901,74.49059521077741,56.7031383765517,113.15658529171903,0.0,0,0,normal
985,54.64604114557353,40.159688728069334,58.01835295837712,52.992531965635095,187.82785060285212,0.0,0,0,normal
986,35.96963016072142,76.36548491140007,60.19311002172963,31.36693923245261,88.60400739546476,0.0,0,0,normal
987,27.8004781076434,39.91212211160106,67.88750783755535,23.81541994457205,133.07388655216064,0.0,0,0,normal
988,34.53803142077312,71.4063976294807,43.943608138317124,32.79369664873252,80.15825441250956,0.0,0,0,normal
989,60.35553259390732,59.89829993028027,37.808092530176665,20.81983449730619,160.3579450034559,0.0,0,0,normal
990,45.047563455924205,45.37013863336875,51.197936158981875,54.00662416235842,146.26140822660065,1.0,0,0,normal
991,53.84307884633368,68.3811893674445,21.042014998530455,22.75888777563417,116.11541389216245,1.0,0,0,normal
992,54.36120879459286,39.74841784628803,23.68202527197591,24.926083769143393,95.80716609442692,0.0,0,0,normal
993,34.10046708074937,66.14601626826449,84.32691491651293,31.360337256646677,70.89766679014907,2.0,0,0,normal
994,59.35937235630551,63.010767991512594,19.439870282607817,12.346893194469333,164.42295653695692,0.0,0,0,normal
995,41.41100960853116,39.75055538531444,55.15678622301468,30.238319466744684,163.89308606231813,0.0,0,0,normal
996,49.59602560345465,37.24720070894105,57.107841473454926,46.21325909534109,179.4962977615136,0.0,0,0,normal
997,22.139799873904476,62.50498356112555,32.02509815173763,19.707964558470334,65.75933581581697,0.0,0,0,normal
998,66.66511541043558,48.816512637289726,79.57494959355566,36.514893956913085,160.40583391065732,0.0,0,0,normal
999,37.184408937915904,74.27822565621595,28.651290345895173,34.37748614626501,174.92904895941498,0.0,0,0,normal
